activity_id,name,threshold_mps2,t_prev,t_cur,dt,speed_prev_mps,speed_cur_mps,accel_mps2,accel_abs_mps2,grade,grade_strong_positive,cap350_hit,equiv_prev_m_min,equiv_cur_m_min
23829149525,Turismo. Paseo Maritimo de Sanxenxo y Portonovo,1.5,7939.0,7940.0,1.0,1.9589999914169312,0.0,-1.9589999914169312,1.9589999914169312,0.0,False,False,117.53999948501587,0.0
23829149525,Turismo. Paseo Maritimo de Sanxenxo y Portonovo,1.5,8473.0,8474.0,1.0,0.0,3.6670000553131104,3.6670000553131104,3.6670000553131104,0.0,False,False,0.0,220.02000331878662
23829149525,Turismo. Paseo Maritimo de Sanxenxo y Portonovo,1.5,17244.0,17245.0,1.0,1.6330000162124634,0.0,-1.6330000162124634,1.6330000162124634,0.0,False,False,97.9800009727478,0.0
23829149525,Turismo. Paseo Maritimo de Sanxenxo y Portonovo,1.5,19311.0,19312.0,1.0,0.0,2.015000104904175,2.015000104904175,2.015000104904175,0.0,False,False,29.259999999999998,120.90000629425049
23829149525,Turismo. Paseo Maritimo de Sanxenxo y Portonovo,1.5,19316.0,19317.0,1.0,2.015000104904175,0.0,-2.015000104904175,2.015000104904175,0.0,False,False,120.90000629425049,0.0
23829149525,Turismo. Paseo Maritimo de Sanxenxo y Portonovo,1.5,21404.0,21405.0,1.0,0.0,1.6519999504089355,1.6519999504089355,1.6519999504089355,0.017777845594618057,False,False,29.259999999999998,124.20114936208911
23829149525,Turismo. Paseo Maritimo de Sanxenxo y Portonovo,1.5,22216.0,22217.0,1.0,0.0,1.6139999628067017,1.6139999628067017,1.6139999628067017,0.09289784923373509,False,False,29.259999999999998,182.24098422984588
23829149525,Turismo. Paseo Maritimo de Sanxenxo y Portonovo,2.0,8473.0,8474.0,1.0,0.0,3.6670000553131104,3.6670000553131104,3.6670000553131104,0.0,False,False,0.0,220.02000331878662
23829149525,Turismo. Paseo Maritimo de Sanxenxo y Portonovo,2.0,19311.0,19312.0,1.0,0.0,2.015000104904175,2.015000104904175,2.015000104904175,0.0,False,False,29.259999999999998,120.90000629425049
23829149525,Turismo. Paseo Maritimo de Sanxenxo y Portonovo,2.0,19316.0,19317.0,1.0,2.015000104904175,0.0,-2.015000104904175,2.015000104904175,0.0,False,False,120.90000629425049,0.0
24430006167,Caminata con Silvia y Yuma,1.5,1.0,2.0,1.0,1.2039999961853027,2.9019999504089355,1.6979999542236328,1.6979999542236328,0.0,False,False,72.23999977111816,174.11999702453613
24492874850,Turismo. Valencia ,1.5,4024.0,4025.0,1.0,0.0,2.3510000705718994,2.3510000705718994,2.3510000705718994,0.0,False,False,29.259999999999998,141.06000423431396
24492874850,Turismo. Valencia ,1.5,4969.0,4970.0,1.0,1.5210000276565552,0.0,-1.5210000276565552,1.5210000276565552,-0.09803771242221158,False,False,91.26000165939331,29.259999999999998
24492874850,Turismo. Valencia ,1.5,13034.0,13035.0,1.0,0.0,1.6330000162124634,1.6330000162124634,1.6330000162124634,-0.012217313614806418,False,False,0.0,88.90415492927477
24492874850,Turismo. Valencia ,2.0,4024.0,4025.0,1.0,0.0,2.3510000705718994,2.3510000705718994,2.3510000705718994,0.0,False,False,29.259999999999998,141.06000423431396
