activity_id,name,threshold_mps2,total_transitions,flagged_count,flagged_pct,strong_pos_grade_count,strong_pos_grade_pct_of_flagged,moderate_or_flat_count,moderate_or_flat_pct_of_flagged,cap350_overlap_count,cap350_overlap_pct_of_flagged
23468464527,Turismo. Vielha (Alto Arán - Lleida),1.5,8418,0,0.0,0,0.0,0,0.0,0,0.0
23468464527,Turismo. Vielha (Alto Arán - Lleida),2.0,8418,0,0.0,0,0.0,0,0.0,0,0.0
23478220005,Senderismo. Pla de Beret - Refugi de Mongarri i/v (Baqueira Beret - Lleida),1.5,10125,0,0.0,0,0.0,0,0.0,0,0.0
23478220005,Senderismo. Pla de Beret - Refugi de Mongarri i/v (Baqueira Beret - Lleida),2.0,10125,0,0.0,0,0.0,0,0.0,0,0.0
23829149525,Turismo. Paseo Maritimo de Sanxenxo y Portonovo,1.5,12262,7,0.05708693524710488,0,0.0,7,100.0,0,0.0
23829149525,Turismo. Paseo Maritimo de Sanxenxo y Portonovo,2.0,12262,3,0.024465829391616376,0,0.0,3,100.0,0,0.0
24013969366,Senderismo. Ruta A Moa 1/2 con Héctor (O Fieiro - A Coruña),1.5,6848,0,0.0,0,0.0,0,0.0,0,0.0
24013969366,Senderismo. Ruta A Moa 1/2 con Héctor (O Fieiro - A Coruña),2.0,6848,0,0.0,0,0.0,0,0.0,0,0.0
24430006167,Caminata con Silvia y Yuma,1.5,2589,1,0.03862495171881035,0,0.0,1,100.0,0,0.0
24430006167,Caminata con Silvia y Yuma,2.0,2589,0,0.0,0,0.0,0,0.0,0,0.0
24484006590,Turismo. Del SH Valencia Palace a UPV ETSINF (Valencia),1.5,3464,0,0.0,0,0.0,0,0.0,0,0.0
24484006590,Turismo. Del SH Valencia Palace a UPV ETSINF (Valencia),2.0,3464,0,0.0,0,0.0,0,0.0,0,0.0
24492874850,Turismo. Valencia ,1.5,10570,3,0.02838221381267739,0,0.0,3,100.0,0,0.0
24492874850,Turismo. Valencia ,2.0,10570,1,0.00946073793755913,0,0.0,1,100.0,0,0.0
24502427862,Caminata con Silvia y Yuma,1.5,2835,0,0.0,0,0.0,0,0.0,0,0.0
24502427862,Caminata con Silvia y Yuma,2.0,2835,0,0.0,0,0.0,0,0.0,0,0.0
