block_index,start_sec,end_sec,seconds,speed_mps_avg,grade_avg,equiv_speed_m_min_avg,if_avg,p4_avg,p4_sum
0.0,0.0,60.0,33.0,0.5196363564693567,-0.016011288208437672,31.943834142055632,0.3549314904672848,0.02146949804092709,0.7084934353505941
1.0,60.0,120.0,60.0,1.0622333188851674,-0.008572918638909218,62.42842882031426,0.6936492091146029,0.28900688926098655,17.340413355659194
2.0,120.0,180.0,60.0,1.1020666519800821,-0.05118807009716375,45.046761453655265,0.5005195717072808,0.07466395533220974,4.479837319932584
3.0,180.0,240.0,48.0,0.8306041651715835,-0.0706379039794062,30.97526215303864,0.3441695794782071,0.022228609399267008,1.0669732511648164
4.0,240.0,300.0,56.0,1.0123749918171339,-0.06086262739374797,38.78888870934736,0.4309876523260817,0.04645010162219571,2.60120569084296
5.0,300.0,360.0,48.0,0.8945625039438406,-0.1296866261537677,39.91607156270893,0.44351190625232145,0.12066842719868141,5.792084505536708
6.0,360.0,420.0,60.0,1.0678499897321065,-0.06749784630202393,43.57714472304126,0.4841904969226807,0.17215161508262875,10.329096904957725
7.0,420.0,480.0,60.0,1.1210833251476289,-0.027239016268569814,62.10329027517795,0.6900365586130882,0.5261179436723109,31.567076620338653
8.0,480.0,540.0,60.0,1.0067000061273574,-0.07903825518735415,50.06987816609545,0.5563319796232827,0.1344283605208011,8.065701631248066
9.0,540.0,600.0,21.0,0.6367618980861846,-0.27141202321257485,33.911824887535275,0.37679805430594754,0.024092676469881596,0.5059462058675135
10.0,600.0,660.0,41.0,0.9638536463423473,0.009166382346962147,69.56932072142584,0.772992452460287,1.5240969032373082,62.487973032729634
11.0,660.0,720.0,46.0,1.0898261044336401,-0.027057005809921656,55.45049011204062,0.6161165568004513,0.16639933559942116,7.654369437573373
12.0,720.0,780.0,44.0,1.078704527833245,0.032005386649044676,83.97451362312417,0.9330501513680466,0.8410511753602762,37.00625171585215
85.0,5100.0,5160.0,23.0,1.000173921170442,0.0,60.01043527022652,0.6667826141136279,0.20427830882929515,4.698401103073788
90.0,5400.0,5460.0,19.0,0.30799999833106995,-0.026869752004898127,29.259999999999998,0.3251111111111111,0.011171905395301931,0.2122662025107367
91.0,5460.0,5520.0,52.0,0.9935576795385435,-0.028196229246396858,49.24243667999289,0.5471381853332544,0.10792611706523103,5.612158087392014
92.0,5520.0,5580.0,60.0,1.093349971373876,-0.008251624468919404,62.78737443109324,0.6976374936788138,0.29351161167978745,17.610696700787248
93.0,5580.0,5640.0,60.0,0.9927666793266933,-0.0009016159261835526,62.05266775178534,0.6894740861309483,0.5763505685336233,34.5810341120174
94.0,5640.0,5700.0,60.0,0.8992000023523966,-0.0034490449475219668,63.618344347408474,0.7068704927489831,0.9026200638019861,54.157203828119165
95.0,5700.0,5760.0,43.0,0.9509069975032363,-0.009353103107345079,55.73181576020001,0.6192423973355556,0.3563330948457722,15.322323078368203
97.0,5820.0,5880.0,11.0,0.8579999804496765,0.0,51.47999882698059,0.571999986966451,0.10704936009912479,1.1775429610903727
102.0,6120.0,6180.0,1.0,0.4390000104904175,-0.019512176513671875,29.259999999999998,0.3251111111111111,0.011171905395301931,0.011171905395301931
103.0,6180.0,6240.0,7.0,0.4390000104904175,-0.019512176513671875,29.259999999999998,0.3251111111111111,0.011171905395301931,0.07820333776711352
118.0,7080.0,7140.0,13.0,0.6620000004768372,0.0,39.72000002861023,0.4413333336512248,0.03793734401765043,0.4931854722294556
127.0,7620.0,7680.0,10.0,0.30799999833106995,0.09216394428193733,34.62980753621566,0.3847756392912851,0.021919481341752256,0.21919481341752256
128.0,7680.0,7740.0,11.0,0.31818181547251617,-0.0004022500416573113,27.805909503801214,0.30895455004223565,0.009366317091511813,0.10302948800662994
129.0,7740.0,7800.0,28.0,0.4951785770910127,0.0029726207777917425,33.774410758879675,0.3752712306542186,0.026882064630428238,0.7526978096519906
130.0,7800.0,7860.0,60.0,2.5225333253542583,-0.011602317470094525,140.62031226938646,1.5624479141042942,7.6044436574561995,456.26661944737197
131.0,7860.0,7920.0,60.0,2.6084166169166565,0.00956059199350502,164.61356354285553,1.8290395949206169,28.015192588362893,1680.9115553017737
132.0,7920.0,7980.0,20.0,2.059550017118454,0.015102648528117126,146.33653173301866,1.6259614637002069,14.728946806383771,294.57893612767543
141.0,8460.0,8520.0,22.0,2.31000000780279,-0.024810008044656273,125.93116076205784,1.3992351195784207,14.140596729964278,311.0931280592141
148.0,8880.0,8940.0,14.0,0.8199999971049172,0.01749312673499893,53.81999986921038,0.597999998546782,0.2419814997245345,3.3877409961434832
149.0,8940.0,9000.0,60.0,1.1029833296934763,-0.00716846563111546,63.23563830156199,0.7026182033506888,0.27320903251565626,16.392541950939375
150.0,9000.0,9060.0,60.0,0.9121833344300588,-0.016660494931264112,47.84011250205885,0.5315568055784317,0.08026736279920792,4.816041767952475
151.0,9060.0,9120.0,60.0,0.8299166490634282,-0.007774209003143179,46.95636290740107,0.5217373656377896,0.0770675649589735,4.62405389753841
152.0,9120.0,9180.0,60.0,0.7877833177646001,-0.0018257596175197783,50.51671359061665,0.5612968176735184,0.12146288437879235,7.287773062727541
153.0,9180.0,9240.0,60.0,0.778933318456014,0.012306409587729156,53.65051006783471,0.5961167785314968,0.139133983644857,8.34803901869142
154.0,9240.0,9300.0,60.0,0.7658666531244914,0.012202011457370005,52.856890352434284,0.5872987816937143,0.21827732461541946,13.096639476925168
155.0,9300.0,9360.0,60.0,0.7559833198785781,-0.012414845767261847,41.64129756594984,0.46268108406610947,0.04902096529779889,2.9412579178679334
156.0,9360.0,9420.0,60.0,0.7217999895413717,0.0015194280683278867,44.857261921412295,0.49841402134902546,0.0648034797738032,3.8882087864281916
157.0,9420.0,9480.0,60.0,0.7284333209196726,0.034328007876440754,57.55052637788291,0.6394502930875879,0.18202519040280732,10.92151142416844
158.0,9480.0,9540.0,60.0,0.8937333097060521,0.04279244793927733,73.53093697204325,0.8170104108004804,0.4535805979040386,27.214835874242315
159.0,9540.0,9600.0,60.0,0.9146833300590516,0.06194521434627899,85.70631620480903,0.9522924022756558,0.888227939438688,53.293676366321286
160.0,9600.0,9660.0,21.0,0.8899047488257998,0.06963990676064562,88.09408757461472,0.9788231952734967,1.1390707774488997,23.920486326426893
161.0,9660.0,9720.0,6.0,0.41100001335144043,0.01811577427023441,30.899924684287544,0.34333249649208386,0.013895035021873866,0.0833702101312432
162.0,9720.0,9780.0,47.0,0.6776808462244399,0.030618244179134824,56.460804977171605,0.627342277524129,0.46890075137371695,22.038335314564698
163.0,9780.0,9840.0,60.0,0.9672666847705841,0.06719427475177642,94.31750279930522,1.0479722533256135,1.4385430231268195,86.31258138760917
164.0,9840.0,9900.0,55.0,0.9010181708769365,0.006954642041678049,58.78029988996315,0.6531144432218129,0.2101489340707192,11.558191373889555
165.0,9900.0,9960.0,41.0,0.7713170880224647,-0.004749630331730424,44.08471743472543,0.48983019371917136,0.14790251754135647,6.064003219195615
166.0,9960.0,10020.0,56.0,0.852714261838368,-0.0896574427530762,34.603308021671566,0.38448120024079513,0.031415263431003475,1.7592547521361945
167.0,10020.0,10080.0,6.0,0.4950000047683716,-0.09920558031389265,29.26,0.3251111111111111,0.011171905395301931,0.06703143237181158
168.0,10080.0,10140.0,42.0,0.9863571638152713,0.023566397333543328,74.72662809052372,0.8302958676724858,0.623896215668925,26.20364105809485
169.0,10140.0,10200.0,60.0,0.9493666748205821,0.04057304050580981,80.66160217400339,0.8962400241555933,1.3060351214112187,78.36210728467312
170.0,10200.0,10260.0,60.0,0.8904833366473516,0.07334662532185417,89.298657141331,0.9922073015703445,1.0441375060370786,62.648250362224715
171.0,10260.0,10320.0,60.0,0.8240166534980138,0.06366912179666227,78.21452422953969,0.8690502692171076,0.6322166299321147,37.93299779592688
172.0,10320.0,10380.0,60.0,0.9749666810035705,0.028841359815897548,74.46932874207091,0.8274369860230101,0.5039847592958784,30.239085557752702
173.0,10380.0,10440.0,58.0,0.8668793018521934,0.019715113741897744,62.086062719273876,0.6898451413252653,0.27060432467125994,15.695050830933075
174.0,10440.0,10500.0,10.0,0.6212000012397766,-0.1315360121726608,29.259999999999998,0.3251111111111111,0.011171905395301931,0.11171905395301931
175.0,10500.0,10560.0,60.0,1.035016667842865,-0.1440645162974118,31.57574673887117,0.3508416304319019,0.01747750887864965,1.048650532718979
176.0,10560.0,10620.0,18.0,1.006722218460507,-0.17952407498390904,29.259999999999998,0.3251111111111111,0.011171905395301931,0.20109429711543475
177.0,10620.0,10680.0,28.0,0.6290714325649398,-0.014384496657976377,39.70609345557615,0.44117881617306837,0.06504141188614844,1.8211595328121564
178.0,10680.0,10740.0,60.0,1.061000015338262,-0.027780173616499496,52.414340886669805,0.5823815654074422,0.17073931102019146,10.244358661211487
179.0,10740.0,10800.0,60.0,0.9687833497921626,-0.008841248771694834,57.04263147539544,0.6338070163932826,0.2030729641801164,12.184377850806984
180.0,10800.0,10860.0,60.0,0.8868833204110463,0.03902313429046671,73.01708079034462,0.8113008976704958,0.5919741619689979,35.51844971813987
181.0,10860.0,10920.0,60.0,0.8668166408936183,-0.0256113486384867,55.84655859161499,0.620517317684611,0.36794563297882993,22.076737978729795
182.0,10920.0,10980.0,39.0,0.9285128422272511,-0.06930741408442789,32.77769690150189,0.3641966322389099,0.018983483359910364,0.7403558510365043
183.0,10980.0,11040.0,10.0,0.7929999828338623,0.0,47.57999897003174,0.5286666552225748,0.07811378381423233,0.7811378381423233
189.0,11340.0,11400.0,59.0,0.9273220452211671,-0.006682372265241087,52.15308154681782,0.5794786838535314,0.1346580056240096,7.9448223318165665
190.0,11400.0,11460.0,41.0,1.2321219735029267,-0.007083984909820112,71.99649475317516,0.7999610528130573,0.5447552597680252,22.334965650489032
191.0,11460.0,11520.0,45.0,1.0014888796541426,-0.03612419299881565,67.00026555835348,0.7444473950928164,0.5497705034584991,24.739672655632457
192.0,11520.0,11580.0,60.0,1.0548500041166942,0.003635770572168298,67.21309159450871,0.7468121288278746,0.3524738226206867,21.148429357241202
193.0,11580.0,11640.0,60.0,1.086983327070872,-0.009850008042413854,60.761212900361585,0.6751245877817954,0.23577020123947554,14.146212074368533
194.0,11640.0,11700.0,12.0,0.8896666367848715,0.008497606057548904,58.29525935110174,0.6477251039011305,0.17627916797026044,2.1153500156431253
195.0,11700.0,11760.0,43.0,1.0196279079415078,0.014722130617777754,71.16217966034276,0.7906908851149196,0.604649486110784,25.99992790276371
196.0,11760.0,11820.0,9.0,0.9163333376248678,0.023998664684841454,67.33811016311975,0.7482012240346639,0.41685802698531693,3.7517222428678525
197.0,11820.0,11880.0,3.0,1.305999994277954,0.011716235966104119,94.88551608974366,1.054283512108263,1.2354627584254567,3.70638827527637
198.0,11880.0,11940.0,43.0,1.109604658082474,0.005573181076278472,78.03903285597453,0.8671003650663838,0.9791348586920702,42.10279892375902
199.0,11940.0,12000.0,60.0,1.4054166615009307,0.014636031686918103,95.92710648549797,1.0658567387277553,1.450892673333983,87.05356040003899
200.0,12000.0,12060.0,60.0,1.222949997584025,-0.00017434037351331402,77.70017944299417,0.8633353271443798,0.7060879269527635,42.36527561716581
201.0,12060.0,12120.0,60.0,0.9968999962011973,-0.0052858780299439015,58.816602275375736,0.6535178030597304,0.2154831469209342,12.928988815256051
202.0,12120.0,12180.0,60.0,0.9048666606346766,0.008381759595198646,59.50771247977605,0.6611968053308451,0.2906089488893768,17.436536933362607
203.0,12180.0,12240.0,39.0,0.815025637547175,-0.043522408194425787,39.1651030347116,0.43516781149679556,0.043302058356166115,1.6887802758904784
204.0,12240.0,12300.0,60.0,0.9530666877826055,-0.005777440353510341,55.033664895755216,0.6114851655083913,0.15754366748676293,9.452620049205777
205.0,12300.0,12360.0,60.0,0.8853666673103968,-0.0065737854211576525,50.6469412459322,0.5627437916214687,0.10531833102529711,6.319099861517826
206.0,12360.0,12420.0,60.0,0.9100000262260437,-0.010447285195885109,50.312253364862734,0.5590250373873638,0.0999661245606845,5.99796747364107
207.0,12420.0,12480.0,60.0,0.9556666910648346,0.013189569564049897,67.10840872126381,0.7456489857918203,0.3246963502113145,19.48178101267887
208.0,12480.0,12540.0,60.0,0.9768833567698797,-0.004719926547331267,56.87986645590906,0.6319985161767673,0.16467210287752979,9.880326172651786
209.0,12540.0,12600.0,60.0,0.9485333244005839,-0.0070549338094643725,54.011777630444804,0.6001308625604977,0.13633350005213707,8.180010003128224
210.0,12600.0,12660.0,60.0,0.9598333388566971,-0.000673550378589662,59.137108001941094,0.6570789777993455,0.20788489016960623,12.473093410176373
211.0,12660.0,12720.0,41.0,0.9566829495313691,0.000717816523699611,59.89207585487429,0.6654675094986032,0.20935213411934445,8.583437498893122
212.0,12720.0,12780.0,60.0,1.0216333150863648,0.009400725099221694,70.26200511326427,0.7806889457029363,0.3858789282007366,23.152735692044196
213.0,12780.0,12840.0,60.0,0.9782500068346659,0.06274093784226144,92.5649801739754,1.028499779710838,1.2539118225014367,75.2347093500862
214.0,12840.0,12900.0,60.0,0.9465666532516479,0.2027498777693662,182.00180611181457,2.022242290131273,38.18231200512154,2290.9387203072924
215.0,12900.0,12960.0,60.0,0.8108166555563608,0.15494926362726372,127.00973233309035,1.4112192481454486,5.627466755539573,337.6480053323744
216.0,12960.0,13020.0,60.0,0.9014499972263972,0.001219925420652823,56.524751968771234,0.6280527996530137,0.2992573036191558,17.95543821714935
217.0,13020.0,13080.0,60.0,0.9964666793743769,-0.05399212227478211,39.34049675178839,0.43711663057542666,0.04562592884052634,2.7375557304315805
218.0,13080.0,13140.0,60.0,0.8909833242495855,-0.09362103867948912,30.188692535903392,0.3354299170655933,0.01332777876732064,0.7996667260392384
219.0,13140.0,13200.0,35.0,0.90719998053142,-0.08018505795494014,34.58409502422685,0.3842677224914094,0.027053235088695553,0.9468632281043443
257.0,15420.0,15480.0,54.0,0.7984074205160141,0.009310240810750322,52.91207260365604,0.5879119178184005,0.21906473026134055,11.82949543411239
258.0,15480.0,15540.0,42.0,0.8936666675976345,-0.001407539053815203,53.907085853856145,0.5989676205984016,0.1652155962016914,6.939055040471039
259.0,15540.0,15600.0,21.0,1.0606666405995686,-0.005792204911194072,60.8050488821129,0.6756116542456988,0.2107265485604309,4.425257519769049
260.0,15600.0,15660.0,60.0,0.9692500203847885,-0.005551732397193021,55.61148326415094,0.6179053696016772,0.14671037978390988,8.802622787034593
261.0,15660.0,15720.0,60.0,0.8871333221594493,-0.011685451748348306,48.618814896884516,0.540209054409828,0.08932170411518209,5.359302246910925
262.0,15720.0,15780.0,60.0,0.9003833363453547,-0.0023202154942901163,53.039641025556,0.5893293447284,0.12128997505489841,7.277398503293905
263.0,15780.0,15840.0,60.0,0.8297666539748509,0.006550652952546585,54.25518049310371,0.6028353388122635,0.14286493443172238,8.571896065903342
264.0,15840.0,15900.0,60.0,0.8327999790509542,0.0010104815730666579,52.6881149192625,0.5854234991029166,0.1353060578055673,8.118363468334037
265.0,15900.0,15960.0,19.0,0.7839999794960022,0.01390830592105263,58.81643925124386,0.6535159916804874,0.18240001819449206,3.465600345695349
267.0,16020.0,16080.0,7.0,0.7449999749660492,0.02401076319684624,49.12530727827074,0.5458367475363415,0.1406578339403849,0.9846048375826942
268.0,16080.0,16140.0,11.0,0.625,-0.024845299610275384,30.69333389990776,0.34103704333230844,0.013527147260767725,0.14879861986844498
286.0,17160.0,17220.0,30.0,0.8062666883071263,-0.0025672954564423425,49.87841861061478,0.5542046512290532,0.3505890661470735,10.517671984412205
287.0,17220.0,17280.0,25.0,1.7632799816131592,-0.022321611035422344,93.6755127029981,1.0408390300333124,1.7141094404559245,42.852736011398115
289.0,17340.0,17400.0,22.0,0.9520000219345093,-0.21048284140544704,29.259999999999994,0.3251111111111111,0.011171905395301931,0.24578191869664248
321.0,19260.0,19320.0,5.0,2.015000104904175,0.0,120.90000629425049,1.34333340326945,3.2563813301052384,16.281906650526192
345.0,20700.0,20760.0,17.0,0.6248235176591312,0.019730902434335257,46.975666689649515,0.5219518521072168,0.10251835302374138,1.7428120014036035
346.0,20760.0,20820.0,10.0,0.5165999948978424,0.007561373627007569,35.69643848731946,0.3966270943035496,0.07158531295333756,0.7158531295333757
347.0,20820.0,20880.0,12.0,0.3528333306312561,0.0,21.169999837875366,0.2352222204208374,0.0031093785867258457,0.03731254304071015
348.0,20880.0,20940.0,1.0,0.2709999978542328,0.031372593898399206,29.259999999999998,0.3251111111111111,0.011171905395301931,0.011171905395301931
349.0,20940.0,21000.0,40.0,0.8767499923706055,0.025879753903161974,67.24267836403973,0.7471408707115527,0.5448312426016138,21.79324970406455
350.0,21000.0,21060.0,20.0,0.7185999870300293,0.02411267412643204,54.02599697331639,0.6002888552590709,0.17119306158667574,3.423861231733515
351.0,21060.0,21120.0,8.0,0.3919999897480011,0.0,23.519999384880066,0.2613333264986674,0.00466422171374433,0.03731377370995464
352.0,21120.0,21180.0,28.0,0.646642841398716,-0.007910321460919575,36.459967234227996,0.40511074704697775,0.059914908474266615,1.6776174372794652
353.0,21180.0,21240.0,9.0,0.7179999947547913,-0.04429780018114962,29.983821486995687,0.33315357207772983,0.012319069250214523,0.1108716232519307
354.0,21240.0,21300.0,13.0,0.4569999873638153,0.0,27.41999924182892,0.3046666582425435,0.008615881476900443,0.11200645919970577
355.0,21300.0,21360.0,36.0,0.8413611302773157,0.020331098005316427,62.34311756736645,0.6927013063040717,0.5487202664587413,19.753929592514687
356.0,21360.0,21420.0,15.0,1.6519999504089355,0.017777845594618057,124.20114936208911,1.380012770689879,3.626873611033516,54.40310416550274
357.0,21420.0,21480.0,49.0,1.47302039058841,0.03696955449232524,118.55065826174591,1.317229536241621,5.275687711502706,258.5086978636326
358.0,21480.0,21540.0,20.0,1.0784000039100647,0.006070416339746576,72.87454243079594,0.8097171381199549,0.713384019733187,14.26768039466374
359.0,21540.0,21600.0,6.0,1.0820000171661377,-0.10232303238838691,52.309489096024016,0.5812165455113781,0.48392124701882233,2.903527482112934
363.0,21780.0,21840.0,29.0,1.2365517205205456,-0.015019316553939654,65.84054398243815,0.7315615998048683,0.2902655825911103,8.417701895142198
364.0,21840.0,21900.0,18.0,0.4861666609843572,-0.015570395547365291,30.29444456683265,0.3366049396314738,0.012980560722592986,0.23365009300667375
367.0,22020.0,22080.0,25.0,0.9049999713897705,-0.023116728314993652,45.346158037846074,0.5038462004205119,0.0781392166520519,1.9534804163012975
368.0,22080.0,22140.0,10.0,1.128999948501587,-0.013158621257388847,60.999883036039094,0.6777764781782122,0.21103086123941767,2.1103086123941766
370.0,22200.0,22260.0,47.0,1.405106392312557,0.029281913757429275,113.80153282782736,1.2644614758647486,5.936654455851346,279.02275942501325
371.0,22260.0,22320.0,49.0,1.13938777057492,0.014235097402445098,79.9049581980512,0.8878328688672356,0.9850473025888004,48.26731782685122
379.0,22740.0,22800.0,53.0,1.11067925084312,-0.00324064791668676,71.30341921291432,0.7922602134768258,0.7763299598222271,41.14548787057804
380.0,22800.0,22860.0,60.0,1.1761833329995472,0.04740891654905486,101.21404889747318,1.1246005433052573,2.044950188459922,122.6970113075953
381.0,22860.0,22920.0,32.0,1.136999987065792,0.030987109664789982,88.83753737980152,0.9870837486644614,1.0391912455607806,33.25411985794498
382.0,22920.0,22980.0,60.0,1.000850000977516,0.03281686214822897,78.30890618190644,0.8700989575767383,0.8801668110309496,52.810008661856976
383.0,22980.0,23040.0,55.0,1.226800012588501,0.04205707394711589,104.2074553277551,1.1578606147528345,2.953256402054899,162.42910211301944
384.0,23040.0,23100.0,60.0,1.208099999030431,0.03943495332674688,100.46739369090345,1.1163043743433718,1.8461318705909915,110.76791223545949
385.0,23100.0,23160.0,60.0,1.3436499933401744,0.039107483406235904,112.41423244973849,1.2490470272193166,3.6966112228227894,221.79667336936737
386.0,23160.0,23220.0,60.0,1.0642499874035518,0.09010142010951007,119.6826437375946,1.32980715263994,4.231988288739502,253.9192973243701
387.0,23220.0,23280.0,60.0,1.01140000919501,0.06984305644761292,100.03938656929144,1.1115487396587937,1.7827694588499392,106.96616753099636
388.0,23280.0,23340.0,60.0,1.0158833195765813,0.08139471903031079,107.7254401863209,1.1969493354035656,2.2553139005256324,135.31883403153793
389.0,23340.0,23400.0,60.0,1.122266662120819,0.034113108801368,90.1090875455074,1.001212083838971,1.0464400047682825,62.78640028609695
390.0,23400.0,23460.0,60.0,1.0337999920050303,0.03691519055959836,84.28734965798819,0.9365261073109798,0.8144730139938944,48.868380839633666
391.0,23460.0,23520.0,60.0,1.0155666808287303,0.003297930748968161,62.93977448056646,0.6993308275618496,0.26619948020883627,15.971968812530175
392.0,23520.0,23580.0,38.0,0.9236315755467666,0.017807376187528035,69.02789222276601,0.7669765802529557,0.34844635137621527,13.24096135229618
393.0,23580.0,23640.0,30.0,0.7735333224137624,0.26687975546705345,169.64594468996668,1.88495494099963,30.162873771577058,904.8862131473118
394.0,23640.0,23700.0,46.0,1.0647173964458962,0.05197196881097329,97.75821916329097,1.0862024351476776,3.1311160785119223,144.03133961154842
397.0,23820.0,23880.0,26.0,0.9980000257492065,-0.026955078639115556,48.16409382350907,0.5351565980389896,0.0820207124134387,2.1325385227494063
