rank,t_sec,speed_mps,grade,equiv_speed_m_min_raw,if_smoothed
1,1919,1.0920000076293945,0.10471676067365461,131.82227514653187,1.0217519892405724
1,1920,1.0920000076293945,0.10471676067365461,131.82227514653187,1.0473528328411104
1,1921,1.0729999542236328,0.3225193774606299,308.6936930881311,1.138461609012611
1,1922,1.0729999542236328,0.3225193774606299,308.6936930881311,1.2295703851841118
1,1923,1.0540000200271606,0.3390741411423841,318.73449161995285,1.30172076920006
1,1924,1.0540000200271606,0.3390741411423841,318.73449161995285,1.3738711532160084
1,1925,1.0360000133514404,0.12577909085674804,139.92624548216992,1.4020512439022104
1,1926,1.0360000133514404,0.12577909085674804,139.92624548216992,1.4302313345884121
1,1927,1.0260000228881836,-0.45,88.77122642282366,1.4522725295598282
1,1928,1.0260000228881836,-0.45,88.77122642282366,1.474313724531244
1,1929,0.9330000281333923,-0.45,80.72471238039785,1.479122878409134
1,1930,0.9330000281333923,-0.45,80.72471238039785,1.483932032287024
2,1935,0.35499998927116394,0.046188499027401894,29.890212372699786,1.4431152231282327
2,1936,0.35499998927116394,0.046188499027401894,29.890212372699786,1.4022984139694414
2,1937,1.2599999904632568,0.0,75.59999942779541,1.3006687841278841
2,1938,1.2599999904632568,0.0,75.59999942779541,1.199039154286327
2,1939,1.2690000534057617,0.15810078524558527,200.50981736898152,1.2494576061809801
2,1940,1.2690000534057617,0.15810078524558527,200.50981736898152,1.2998760580756334
2,1941,1.2410000562667847,0.0,74.46000337600708,1.3050538367435072
2,1942,1.2410000562667847,0.0,74.46000337600708,1.310231615411381
2,1943,1.2410000562667847,0.0,74.46000337600708,1.3154093940792548
2,1944,1.2410000562667847,0.0,74.46000337600708,1.3205871727471286
2,1945,1.25,0.0,75.0,1.324942727857636
2,1946,1.25,0.0,75.0,1.3292982829681437
2,1947,1.2599999904632568,-0.24998450373817516,46.58010971744435,1.322505730630172
2,1948,1.2599999904632568,-0.24998450373817516,46.58010971744435,1.3157131782922002
2,1949,1.2690000534057617,-0.17545496225101734,29.58327625634857,1.3024032804398242
2,1950,1.2690000534057617,-0.17545496225101734,29.58327625634857,1.2890933825874482
2,1951,1.2599999904632568,0.0,75.59999942779541,1.2928267155393118
2,1952,1.2599999904632568,0.0,75.59999942779541,1.2965600484911755
2,1953,1.2410000562667847,-0.08367714185393259,37.6557053238497,1.2616835411494414
2,1954,1.2410000562667847,-0.08367714185393259,37.6557053238497,1.2268070338077073
2,1955,1.2319999933242798,0.0,73.91999959945679,1.1398538139970873
2,1956,1.2319999933242798,0.0,73.91999959945679,1.052900594186467
3,3443,1.2879999876022339,0.25159681165540543,294.93295639641184,1.053261777774168
3,3444,1.2879999876022339,0.25159681165540543,294.93295639641184,1.1318073162477649
3,3445,1.277999997138977,0.07661795910493827,130.9865088724332,1.1498319496297216
3,3446,1.277999997138977,0.07661795910493827,130.9865088724332,1.1678565830116785
3,3447,1.2690000534057617,0.0,76.1400032043457,1.1657899177861197
3,3448,1.2690000534057617,0.0,76.1400032043457,1.1637232525605608
3,3449,1.2599999904632568,0.0,75.59999942779541,1.1614565859362798
3,3450,1.2599999904632568,0.0,75.59999942779541,1.1591899193119986
3,3451,1.2599999904632568,0.0,75.59999942779541,1.1569232526877173
3,3452,1.2599999904632568,0.0,75.59999942779541,1.1546565860634364
3,3453,1.25,0.0,75.0,1.1521676974288606
3,3454,1.25,0.0,75.0,1.1496788087942849
3,3455,1.25,0.0,75.0,1.147189920159709
3,3456,1.25,0.0,75.0,1.1447010315251334
3,3457,1.2319999933242798,0.09477130090236002,140.61652773380155,1.1665145605697433
3,3458,1.2319999933242798,0.09477130090236002,140.61652773380155,1.188328089614353
3,3459,1.222000002861023,0.0,73.32000017166138,1.1854169775707606
3,3460,1.222000002861023,0.0,73.32000017166138,1.1825058655271679
3,3461,1.222000002861023,0.16325213606018335,197.65977492468556,1.2256465219106212
3,3462,1.222000002861023,0.16325213606018335,197.65977492468556,1.2687871782940747
3,3463,1.2130000591278076,0.0,72.78000354766846,1.2757694199551886
3,3464,1.2130000591278076,0.0,72.78000354766846,1.2827516616163026
3,3465,1.2130000591278076,0.0,72.78000354766846,1.2966511797321492
3,3466,1.2130000591278076,0.0,72.78000354766846,1.3105506978479957
3,3467,1.2130000591278076,0.0,72.78000354766846,1.3186118596389542
3,3468,1.2130000591278076,0.0,72.78000354766846,1.3266730214299127
3,3469,1.2130000591278076,0.058314295184367884,110.73419106351496,1.3168867702411642
3,3470,1.2130000591278076,0.058314295184367884,110.73419106351496,1.3071005190524159
3,3471,1.222000002861023,0.0664395149026764,117.54684574486257,1.268912043826324
3,3472,1.222000002861023,0.0664395149026764,117.54684574486257,1.2307235686002318
3,3473,1.222000002861023,0.0,73.32000017166138,1.1486446959243983
3,3474,1.222000002861023,0.0,73.32000017166138,1.0665658232485646
3,3475,1.2319999933242798,0.0,73.91999959945679,1.0454300790733881
3,3476,1.2319999933242798,0.0,73.91999959945679,1.0242943348982119
3,3477,1.2319999933242798,0.0,73.91999959945679,1.0234721113408456
3,3478,1.2319999933242798,0.0,73.91999959945679,1.0226498877834793
3,3479,1.2410000562667847,0.0,74.46000337600708,1.0222276670235577
3,3480,1.2410000562667847,0.0,74.46000337600708,1.0218054462636361
3,3481,1.25,0.07968901994163424,130.5347052622897,1.0421516336097452
3,3482,1.25,0.07968901994163424,130.5347052622897,1.062497820955854
3,3483,1.2410000562667847,0.0,74.46000337600708,1.0622978222062271
3,3484,1.2410000562667847,0.0,74.46000337600708,1.0620978234566
3,3485,1.2319999933242798,0.0,73.91999959945679,1.0616978233082508
3,3486,1.2319999933242798,0.0,73.91999959945679,1.0612978231599013
3,3487,1.1380000114440918,0.08787337752806447,124.78673302693656,1.0554349362314328
3,3488,1.1380000114440918,0.08787337752806447,124.78673302693656,1.0495720493029643
3,3489,1.1100000143051147,0.0,66.60000085830688,1.0470831606683886
3,3490,1.1100000143051147,0.0,66.60000085830688,1.0445942720338128
