activity_id,date,start_local,name,type,duration_s,distance_m,avg_hr,max_hr,is_rowing,detail_available,detail_avg_hr,detail_max_hr,detail_duration_s,detail_distance_m
21878742846,2026-02-15,2026-02-15 16:52:54,Trail. Ruta del Cobre con Yuma,trail_running,7003.22509765625,15534.98046875,130.0,161.0,False,False,,,,
21887549903,2026-02-16,2026-02-16 17:51:11,Gimnasio. Cadena Posterior,strength_training,2516.51904296875,,68.0,106.0,False,False,,,,
21887902894,2026-02-16,2026-02-16 18:35:11,Remo indoor,indoor_rowing,1502.85498046875,4650.0,100.0,114.0,True,False,,,,
21899164651,2026-02-17,2026-02-17 18:15:29,Cuestas. 2x2km Subida suave Bajada fuerte,running,3974.62109375,12153.4296875,143.0,166.0,False,False,,,,
21909352186,2026-02-18,2026-02-18 17:44:38,Autocargas. Estabilidad,strength_training,2774.501953125,,66.0,97.0,False,False,,,,
21910530783,2026-02-18,2026-02-18 19:14:33,Rodillo. Sprines,indoor_cycling,3323.85400390625,19257.58984375,119.0,146.0,False,False,,,,
21918437617,2026-02-19,2026-02-19 15:23:14,Rodaje. 12km Z2,running,3886.575927734375,12018.900390625,142.0,157.0,False,False,,,,
21940190433,2026-02-21,2026-02-21 14:41:00,MTB. Rodaje por el Pardo,mountain_biking,10105.7314453125,57011.69140625,130.0,161.0,False,False,,,,
21951698522,2026-02-22,2026-02-22 17:15:07,Rodaje. Tapia CDC completa 250⬆️,running,5510.2119140625,17218.380859375,142.0,163.0,False,False,,,,
21971310877,2026-02-24,2026-02-24 16:54:19,Gimnasio. Cadena posterior,strength_training,2712.552001953125,,71.0,105.0,False,False,,,,
21971848782,2026-02-24,2026-02-24 17:50:55,Remo. 30' complemento,indoor_rowing,1800.6290283203125,,101.0,118.0,True,False,,,,
21975471848,2026-02-24,2026-02-24 23:25:25,Rodaje. 50' Z2 con Yuma,running,3028.846923828125,9015.7998046875,136.0,150.0,False,False,,,,
21982802334,2026-02-25,2026-02-25 15:29:42,MTB. 2h por el Parque Regional del Suroeste,mountain_biking,7165.001953125,47257.76953125,133.0,156.0,False,False,,,,
21984949308,2026-02-25,2026-02-25 19:36:39,Autocargas. Estabilidad,strength_training,1964.2889404296875,,69.0,108.0,False,False,,,,
