generated_at,activity_id,fecha,actividad_ref,tp_local,tp_unit,activity_type,activity_name,average_hr,has_average_hr,hr_rest_profile,hr_max_profile,hr_rest_effective,hr_max_effective,hr_profile_source,hrr_clamped,if_hr_strength,tss_hr_only,method_label,delta_vs_tp,ratio_vs_tp,calc_error
2026-09-23 23:49:49,24301501111,2026-09-09,Gimnasio. Trail - Estabilidad y core,25.0,TSS,,,,False,,,,,,,,,,,,Error executing tool get_activity: Login failed: All login strategies exhausted: Portal login failed (non-JSON): HTTP 403
2026-09-23 23:49:49,24279679308,2026-09-08,Gimnasio. Trabajo neuromuscular con alta carga,43.0,TSS,,,,False,,,,,,,,,,,,Error executing tool get_activity: Login failed: All login strategies exhausted: Portal login failed (non-JSON): HTTP 403
2026-09-23 23:49:49,24213935868,2026-09-02,Gimnasio. Core y tren superior,34.0,TSS,,,,False,,,,,,,,,,,,Error executing tool get_activity: Login failed: All login strategies exhausted: Portal login failed (non-JSON): HTTP 403
2026-09-23 23:49:49,24185208392,2026-08-31,Gimnasio. Trabajo neuromuscular con alta carga,36.0,TSS,,,,False,,,,,,,,,,,,Error executing tool get_activity: Login failed: All login strategies exhausted: Portal login failed (non-JSON): HTTP 403
2026-09-23 23:49:49,24138532236,2026-08-27,"Gimnasio. Tobillos, cadera y core",33.0,TSS,,,,False,,,,,,,,,,,,Error executing tool get_activity: Login failed: All login strategies rate limited (429). Try again later or check your IP/network.
2026-09-23 23:49:49,24100578449,2026-08-24,Gimnasio. Trabajo Neuromuscular Trail Sesión 1,47.0,TSS,,,,False,,,,,,,,,,,,Error executing tool get_activity: Login failed: All login strategies exhausted: Portal login failed (non-JSON): HTTP 403
2026-09-23 23:49:49,24032702641,2026-08-19,Gimnasio. Complemento tobillo y core,31.0,TSS,,,,False,,,,,,,,,,,,Error executing tool get_activity: Login failed: All login strategies exhausted: Portal login failed (non-JSON): HTTP 403
2026-09-23 23:49:49,23978414652,2026-08-14,Fuerza,28.0,TSS,,,,False,,,,,,,,,,,,Error executing tool get_activity: Login failed: All login strategies exhausted: Portal login failed (non-JSON): HTTP 403
2026-09-23 23:49:49,23421099617,2026-06-29,"Gimnasio. Movilidad articular, complemento y foam",18.0,hrTSS,,,,False,,,,,,,,,,,,Error executing tool get_activity: Login failed: All login strategies exhausted: Portal login failed (non-JSON): HTTP 403
2026-09-23 23:49:49,23386161527,2026-06-26,"Gimnasio. Movilidad articular, complemento y foam",22.0,hrTSS,,,,False,,,,,,,,,,,,Error executing tool get_activity: Login failed: All login strategies rate limited (429). Try again later or check your IP/network.
2026-09-23 23:49:49,23335868602,2026-06-22,Gimnasio. Trabajo Activación y mantenimiento muscular Trail W-1,34.0,hrTSS,,,,False,,,,,,,,,,,,Error executing tool get_activity: Login failed: All login strategies rate limited (429). Try again later or check your IP/network.
2026-09-23 23:49:49,23307819037,2026-06-19,"Gimnasio. Movilidad articular, complemento y foam",32.0,hrTSS,,,,False,,,,,,,,,,,,Error executing tool get_activity: Login failed: All login strategies rate limited (429). Try again later or check your IP/network.
2026-09-23 23:49:49,23278321499,2026-06-17,Gimnasio. Trabajo Neuromuscular Trail W-2,46.0,hrTSS,,,,False,,,,,,,,,,,,Error executing tool get_activity: Login failed: All login strategies exhausted: Portal login failed (non-JSON): HTTP 403
2026-09-23 23:49:49,23223630528,2026-06-12,"Gimnasio. Movilidad articular, complemento y foam",31.0,hrTSS,,,,False,,,,,,,,,,,,Error executing tool get_activity: Login failed: All login strategies exhausted: Portal login failed (non-JSON): HTTP 403
2026-09-23 23:49:49,23195949762,2026-06-10,Gimnasio. Trabajo Neuromuscular Trail W-3 S2,44.0,hrTSS,,,,False,,,,,,,,,,,,Error executing tool get_activity: Login failed: All login strategies rate limited (429). Try again later or check your IP/network.
2026-09-23 23:49:49,23178623089,2026-06-08,Gimnasio. Trabajo Neuromuscular Trail W-3 S1,48.0,hrTSS,,,,False,,,,,,,,,,,,Error executing tool get_activity: Login failed: All login strategies exhausted: Portal login failed (non-JSON): HTTP 403
2026-09-23 23:49:49,23112485560,2026-06-03,Gimnasio. Trabajo Neuromuscular Trail W-4 S2,41.0,hrTSS,,,,False,,,,,,,,,,,,Error executing tool get_activity: Login failed: All login strategies exhausted: Portal login failed (non-JSON): HTTP 403
2026-09-23 23:49:49,23093957193,2026-06-01,Gimnasio. Trabajo Neuromuscular Trail W-4 S1,41.0,hrTSS,,,,False,,,,,,,,,,,,Error executing tool get_activity: Login failed: All login strategies exhausted: Portal login failed (non-JSON): HTTP 403
