generated_at,activity_id,fecha,actividad_ref,tp_local,tp_unit,average_hr,duration_h,segment,tss_model_a,tss_model_b,model_a_label,model_b_source,hrr_model_a_raw,hrr_model_a_clamped,if_model_a_effective,calc_error
2026-09-24 11:00:42,24301501111,2026-09-09,Gimnasio. Trail - Estabilidad y core,25.0,TSS,,,movilidad_activacion,,,,,,,,Error executing tool get_activity: timeout after 60s
2026-09-24 11:00:42,24279679308,2026-09-08,Gimnasio. Trabajo neuromuscular con alta carga,43.0,TSS,67.0,1.4093655555555558,neuromuscular,47.411057288888905,37.74308163013656,hrTSS,lthr_model,0.1825828797624938,0.2,0.5800000000000001,
2026-09-24 11:00:42,24213935868,2026-09-02,Gimnasio. Core y tren superior,34.0,TSS,71.0,1.077706388888889,other_strength,36.770523527071994,29.8426648307476,hrTSS,lthr_model,0.21029193468579907,0.21029193468579907,0.5841167738743196,
2026-09-24 11:00:42,24185208392,2026-08-31,Gimnasio. Trabajo neuromuscular con alta carga,36.0,TSS,74.0,1.1403886111111112,neuromuscular,40.02452710745424,32.36871200390711,hrTSS,lthr_model,0.23107372587827804,0.23107372587827804,0.5924294903513112,
2026-09-24 11:00:42,24138532236,2026-08-27,"Gimnasio. Tobillos, cadera y core",33.0,TSS,68.0,1.0827108333333333,other_strength,36.42239243333334,29.24016879698194,hrTSS,lthr_model,0.1895101434933201,0.2,0.5800000000000001,
2026-09-24 11:00:42,24100578449,2026-08-24,Gimnasio. Trabajo Neuromuscular Trail Sesión 1,47.0,TSS,76.0,1.4978127777777779,neuromuscular,53.55724314881428,43.21295858477089,hrTSS,lthr_model,0.2449282533399307,0.2449282533399307,0.5979713013359723,
2026-09-24 11:00:42,24032702641,2026-08-19,Gimnasio. Complemento tobillo y core,31.0,TSS,58.0,1.0357608333333332,movilidad_activacion,34.84299443333334,25.673162598383037,hrTSS,lthr_model,0.12023750618505688,0.2,0.5800000000000001,
2026-09-24 11:00:42,23978414652,2026-08-14,Fuerza,28.0,TSS,72.0,0.9205569444444445,other_strength,31.707400869312828,25.702835288193366,hrTSS,lthr_model,0.2172191984166254,0.2172191984166254,0.5868876793666502,
2026-09-24 11:00:42,23421099617,2026-06-29,"Gimnasio. Movilidad articular, complemento y foam",18.0,hrTSS,64.0,0.6050038888888889,movilidad_activacion,20.35233082222223,15.79492868214247,hrTSS,lthr_model,0.16180108857001482,0.2,0.5800000000000001,
2026-09-24 11:00:42,23386161527,2026-06-26,"Gimnasio. Movilidad articular, complemento y foam",22.0,hrTSS,64.0,0.7125341666666667,movilidad_activacion,23.969649366666673,18.6022380232282,hrTSS,lthr_model,0.16180108857001482,0.2,0.5800000000000001,
2026-09-24 11:00:42,23335868602,2026-06-22,Gimnasio. Trabajo Activación y mantenimiento muscular Trail W-1,34.0,hrTSS,74.0,1.0677777777777777,other_strength,37.47608507749285,30.307731098248652,hrTSS,lthr_model,0.23107372587827804,0.23107372587827804,0.5924294903513112,
2026-09-24 11:00:42,23307819037,2026-06-19,"Gimnasio. Movilidad articular, complemento y foam",32.0,hrTSS,64.0,1.0713905555555556,movilidad_activacion,36.0415782888889,27.97095642938732,hrTSS,lthr_model,0.16180108857001482,0.2,0.5800000000000001,
2026-09-24 11:00:42,23278321499,2026-06-17,Gimnasio. Trabajo Neuromuscular Trail W-2,46.0,hrTSS,81.0,1.420468888888889,neuromuscular,53.17253191670266,42.66279375157863,hrTSS,lthr_model,0.2795645719940623,0.2795645719940623,0.6118258287976249,
2026-09-24 11:00:42,23223630528,2026-06-12,"Gimnasio. Movilidad articular, complemento y foam",31.0,hrTSS,64.0,1.0300244444444444,movilidad_activacion,34.650022311111115,26.891005065673728,hrTSS,lthr_model,0.16180108857001482,0.2,0.5800000000000001,
2026-09-24 11:00:42,23195949762,2026-06-10,Gimnasio. Trabajo Neuromuscular Trail W-3 S2,44.0,hrTSS,82.0,1.3350994444444444,neuromuscular,50.43059727078918,40.4186374746843,hrTSS,lthr_model,0.2864918357248886,0.2864918357248886,0.6145967342899554,
2026-09-24 11:00:42,23178623089,2026-06-08,Gimnasio. Trabajo Neuromuscular Trail W-3 S1,48.0,hrTSS,76.0,1.54775,neuromuscular,55.342846791947785,44.65368278457975,hrTSS,lthr_model,0.2449282533399307,0.2449282533399307,0.5979713013359723,
2026-09-24 11:00:42,23112485560,2026-06-03,Gimnasio. Trabajo Neuromuscular Trail W-4 S2,41.0,hrTSS,77.0,1.2799194444444444,neuromuscular,46.19116630120866,37.227126962209255,hrTSS,lthr_model,0.25185551707075704,0.25185551707075704,0.6007422068283028,
2026-09-24 11:00:42,23093957193,2026-06-01,Gimnasio. Trabajo Neuromuscular Trail W-4 S1,41.0,hrTSS,77.0,1.308853611111111,neuromuscular,47.23537491143647,38.068692344094096,hrTSS,lthr_model,0.25185551707075704,0.25185551707075704,0.6007422068283028,
