fecha,activity_id,segment,tp_local,duration_h,average_hr,z_c,if_target,if_b_current,if_b_raw_recal,if_b_eff_recal,tss_b_current,tss_b_recal,delta_b_current,delta_b_recal,ratio_b_current,ratio_b_recal
2026-09-09,24301501111,movilidad_activacion,25.000000,0.764335556,79.0,0.298440980,0.571910372,,0.566482488,0.566482488,22.583154,24.527712,-2.416846,-0.472288,0.903326157,0.981108485
2026-09-08,24279679308,neuromuscular,43.000000,1.409365556,67.0,0.204899777,0.552360229,,0.552886309,0.552886309,37.743082,43.081947,-5.256918,0.081947,0.877746084,1.001905752
2026-09-02,24213935868,other_strength,34.000000,1.077706389,71.0,0.236080178,0.561680349,,0.557418369,0.557418369,29.842665,33.485980,-4.157335,-0.514020,0.877725436,0.984881756
2026-08-31,24185208392,neuromuscular,36.000000,1.140388611,74.0,0.259465479,0.561855730,,0.560817414,0.560817414,32.368712,35.867066,-3.631288,-0.132934,0.899130889,0.996307389
2026-08-27,24138532236,other_strength,33.000000,1.082710833,68.0,0.212694878,0.552078366,,0.554019324,0.554019324,29.240169,33.232446,-3.759831,0.232446,0.886065721,1.007043821
2026-08-24,24100578449,neuromuscular,47.000000,1.497812778,76.0,0.275055679,0.560170409,,0.563083443,0.563083443,43.212959,47.490096,-3.787041,0.490096,0.919424651,1.010427573
2026-08-19,24032702641,movilidad_activacion,31.000000,1.035760833,58.0,0.134743875,0.547080336,,0.542689175,0.542689175,25.673163,30.504352,-5.326837,-0.495648,0.828166535,0.984011353
2026-08-14,23978414652,other_strength,28.000000,0.920556944,72.0,0.243875278,0.551510374,,0.558551384,0.558551384,25.702835,28.719503,-2.297165,0.719503,0.917958403,1.025696542
2026-06-29,23421099617,movilidad_activacion,18.000000,0.605003889,64.0,0.181514477,0.545452792,,0.549487265,0.549487265,15.794929,18.267261,-2.205071,0.267261,0.877496038,1.014847822
2026-06-26,23386161527,movilidad_activacion,22.000000,0.712534167,64.0,0.181514477,0.555659180,,0.549487265,0.549487265,18.602238,21.513990,-3.397762,-0.486010,0.845556274,0.977908624
2026-06-22,23335868602,other_strength,34.000000,1.067777778,74.0,0.259465479,0.564285667,,0.560817414,0.560817414,30.307731,33.583338,-3.692269,-0.416662,0.891403856,0.987745231
2026-06-19,23307819037,movilidad_activacion,32.000000,1.071390556,64.0,0.181514477,0.546513736,,0.549487265,0.549487265,27.970956,32.349165,-4.029044,0.349165,0.874092388,1.010911410
2026-06-17,23278321499,neuromuscular,46.000000,1.420468889,81.0,0.314031180,0.569066543,,0.568748518,0.568748518,42.662794,45.948600,-3.337206,-0.051400,0.927452038,0.998882605
2026-06-12,23223630528,movilidad_activacion,31.000000,1.030024444,64.0,0.181514477,0.548601614,,0.549487265,0.549487265,26.891005,31.100172,-4.108995,0.100172,0.867451776,1.003231363
2026-06-10,23195949762,neuromuscular,44.000000,1.335099444,82.0,0.321826281,0.574076185,,0.569881533,0.569881533,40.418637,43.359352,-3.581363,-0.640648,0.918605397,0.985439817
2026-06-08,23178623089,neuromuscular,48.000000,1.547750000,76.0,0.275055679,0.556891017,,0.563083443,0.563083443,44.653683,49.073420,-3.346317,1.073420,0.930285058,1.022362923
2026-06-03,23112485560,neuromuscular,41.000000,1.279919444,77.0,0.282850780,0.565979381,,0.564216458,0.564216458,37.227127,40.744983,-3.772873,-0.255017,0.907978706,0.993780066
2026-06-01,23093957193,neuromuscular,41.000000,1.308853611,77.0,0.282850780,0.559688509,,0.564216458,0.564216458,38.068692,41.666074,-2.931308,0.666074,0.928504691,1.016245697
