date,start_time_local,activity_id,activity_name,duration_hours,avg_hr,max_hr,native_training_load,kairos_hrtss_calibrated,kairos_label,tp_tss,delta_kairos_minus_tp
2026-09-16,2026-09-16 13:14:40,24383043078,Trabajo neuromuscular con alta carga,1.34,73.0,120.0,3.61,45.08,hrTSS,,
2026-09-09,2026-09-09 20:31:15,24301501111,Gimnasio. Trail - Estabilidad y core,0.7643,79.0,122.0,4.67,26.24,hrTSS,,
2026-09-08,2026-09-08 06:53:09,24279679308,Gimnasio. Trabajo neuromuscular con alta carga,1.4094,67.0,117.0,2.88,47.41,hrTSS,,
2026-09-02,2026-09-02 18:58:46,24213935868,Gimnasio. Core y tren superior,1.0777,71.0,112.0,2.41,36.25,hrTSS,,
2026-08-31,2026-08-31 16:23:55,24185208392,Gimnasio. Trabajo neuromuscular con alta carga,1.1404,74.0,126.0,4.01,38.36,hrTSS,,
2026-08-27,2026-08-27 17:24:17,24138532236,"Gimnasio. Tobillos, cadera y core",1.0827,68.0,94.0,1.46,36.42,hrTSS,,
2026-08-24,2026-08-24 18:29:09,24100578449,Gimnasio. Trabajo Neuromuscular Trail Sesión 1,1.4978,76.0,117.0,3.17,50.39,hrTSS,,
2026-08-19,2026-08-19 08:54:35,24032702641,Gimnasio. Complemento tobillo y core,1.0358,58.0,91.0,1.19,34.84,hrTSS,,
2026-08-14,2026-08-14 20:46:35,23978414652,Fuerza,0.9206,72.0,105.0,1.93,30.97,hrTSS,,
2026-08-10,2026-08-10 19:27:50,23926829037,Gimnasio. Mantenimiento Pesadoira Premium Box,1.1025,63.0,96.0,1.27,37.09,hrTSS,,
2026-08-03,2026-08-03 11:56:52,23834553122,Gimnasio. Full tren inferior (Augusta Wellness Resort - Sanxenxo),1.1739,77.0,116.0,3.58,39.49,hrTSS,,
2026-06-29,2026-06-29 19:25:56,23421099617,"Gimnasio. Movilidad articular, complemento y foam",0.605,64.0,79.0,0.62,20.35,hrTSS,,
2026-06-26,2026-06-26 15:06:42,23386161527,"Gimnasio. Movilidad articular, complemento y foam",0.7125,64.0,105.0,1.08,23.97,hrTSS,,
2026-06-22,2026-06-22 07:11:37,23335868602,Gimnasio. Trabajo Activación y mantenimiento muscular Trail W-1,1.0678,74.0,127.0,7.41,35.92,hrTSS,,
2026-06-19,2026-06-19 17:08:58,23307819037,"Gimnasio. Movilidad articular, complemento y foam",1.0714,64.0,111.0,2.2,36.04,hrTSS,,
2026-06-17,2026-06-17 06:30:18,23278321499,Gimnasio. Trabajo Neuromuscular Trail W-2,1.4205,81.0,142.0,13.4,49.76,hrTSS,,
2026-06-12,2026-06-12 15:23:07,23223630528,"Gimnasio. Movilidad articular, complemento y foam",1.03,64.0,83.0,0.87,34.65,hrTSS,,
2026-06-10,2026-06-10 06:49:47,23195949762,Gimnasio. Trabajo Neuromuscular Trail W-3 S2,1.3351,82.0,117.0,4.21,47.24,hrTSS,,
2026-06-08,2026-06-08 18:40:50,23178623089,Gimnasio. Trabajo Neuromuscular Trail W-3 S1,1.5477,76.0,113.0,3.02,52.07,hrTSS,,
2026-06-03,2026-06-03 08:10:52,23112485560,Gimnasio. Trabajo Neuromuscular Trail W-4 S2,1.2799,77.0,118.0,3.48,43.06,hrTSS,,
2026-06-01,2026-06-01 18:18:44,23093957193,Gimnasio. Trabajo Neuromuscular Trail W-4 S1,1.3089,77.0,113.0,3.38,44.03,hrTSS,,
2026-05-29,2026-05-29 15:22:38,23056398406,"Gimnasio. Movilidad, foam y complemento tobillo",0.6848,66.0,91.0,0.98,23.04,hrTSS,,
2026-05-27,2026-05-27 06:39:26,23027574540,Gimnasio. Trabajo Neuromuscular Trail W-5 S2,1.5264,85.0,128.0,7.84,55.63,hrTSS,,
2026-05-25,2026-05-25 17:53:13,23010037880,Gimnasio. Trabajo Neuromuscular Trail W-5 S1,1.3962,85.0,114.0,4.48,50.89,hrTSS,,
2026-05-18,2026-05-18 15:54:25,22924709170,Gimnasio. Trabajo Neuromuscular Trail W-6 S1,1.3994,74.0,110.0,3.38,47.08,hrTSS,,
2026-05-13,2026-05-13 19:54:09,22870679359,Gimnasio. Trabajo Neuromuscular Trail W-7 S2,1.1396,86.0,120.0,5.76,41.94,hrTSS,,
2026-05-11,2026-05-11 17:45:58,22845166013,Gimnasio. Trabajo Neuromuscular Trail W-7 S1,1.2839,84.0,116.0,3.17,46.33,hrTSS,,
2026-05-04,2026-05-04 13:27:47,22760448508,Gimnasio. Trabajo Neuromuscular Trail W-8 S1,1.394,81.0,123.0,4.06,48.83,hrTSS,,
2026-04-24,2026-04-24 16:54:13,22643788928,Autocargas. Estiramientos y foam,0.6285,59.0,81.0,0.65,21.14,hrTSS,,
2026-04-21,2026-04-21 17:48:18,22608241711,Autocargas. Movilidad articular y foam,0.9809,55.0,76.0,0.26,33.0,hrTSS,,
2026-04-13,2026-04-13 18:07:25,22513179117,"Gimnasio. Complemento tobillo, cadera y core",0.9256,61.0,89.0,0.82,31.14,hrTSS,,
2026-04-10,2026-04-10 14:39:34,22477123056,Gimnasio. Complemento tobillo y cadera,0.8499,61.0,77.0,0.63,28.59,hrTSS,,
2026-04-08,2026-04-08 12:09:34,22451514296,Gimnasio. Trabajo Neuromuscular Trail W4 S1,1.2408,74.0,116.0,3.33,41.74,hrTSS,,
2026-04-06,2026-04-06 18:40:40,22430734988,"Autocargas. Movilidad articular, estiramientos y foam",1.0042,58.0,75.0,0.29,33.78,hrTSS,,
2026-03-25,2026-03-25 14:30:19,22295548659,Gimnasio. Trabajo Neuromuscular Trail W-13 S1,1.3395,85.0,119.0,5.72,48.82,hrTSS,,
2026-03-18,2026-03-18 17:49:41,22218003126,Gimnasio. Trabajo Neuromuscular Trail W-14 S1,1.4012,81.0,117.0,4.79,49.08,hrTSS,,
2026-03-13,2026-03-13 14:43:28,22160597677,Gimnasio. Trabajo Neuromuscular Trail W-14 S2,1.4452,87.0,121.0,6.15,53.71,hrTSS,,
2026-03-11,2026-03-11 16:43:12,22140016965,Gimnasio. Trabajo Neuromuscular Trail W-15 S1,1.1567,74.0,113.0,2.7,38.91,hrTSS,,
2026-03-04,2026-03-04 08:32:43,22055878534,Gimnasio. Trabajo Neuromuscular Trail W-16 S1,1.2841,80.0,121.0,5.06,44.53,hrTSS,,
2026-03-02,2026-03-02 18:44:59,22038787466,Gimnasio. Cadena Posterior,1.0372,82.0,118.0,4.35,36.7,hrTSS,,
2026-02-25,2026-02-25 19:36:39,21984949308,Autocargas. Estabilidad,0.5456,69.0,108.0,1.46,18.36,hrTSS,,
2026-02-24,2026-02-24 16:54:19,21971310877,Gimnasio. Cadena posterior,0.7535,71.0,105.0,1.99,25.35,hrTSS,,
2026-02-18,2026-02-18 17:44:38,21909352186,Autocargas. Estabilidad,0.7707,66.0,97.0,1.26,25.93,hrTSS,,
2026-02-16,2026-02-16 17:51:11,21887549903,Gimnasio. Cadena Posterior,0.699,68.0,106.0,2.13,23.52,hrTSS,,
2026-02-13,2026-02-13 16:33:48,21857119237,Autocargas. Readaptación tobillo y soleo,1.1824,66.0,97.0,1.27,39.78,hrTSS,,
2026-02-11,2026-02-11 19:21:09,21838259925,Gimnasio. Estabilidad,0.6469,84.0,119.0,4.58,23.35,hrTSS,,
2026-02-09,2026-02-09 18:30:47,21815905495,Gimnasio. Cadena posterior,0.8123,69.0,112.0,2.1,27.33,hrTSS,,
2026-02-06,2026-02-06 15:32:29,21783532703,Gimnasio. Fuerza 3: Readaptación y Excéntricos,0.8311,82.0,123.0,5.01,29.41,hrTSS,,
2026-02-04,2026-02-04 19:01:30,21765591603,Gimnasio. Estabilidad Lumbopélvica y Blindaje Lateral,0.8418,80.0,117.0,14.9,29.19,hrTSS,,
2026-02-02,2026-02-02 18:16:31,21743007595,Gimnasio. Fuerza 1 (Cadena Posterior),0.9335,72.0,112.0,2.79,31.4,hrTSS,,
2026-01-30,2026-01-30 16:54:04,21712074327,Gimnasio. Fuerza 1 (Cadena Posterior),0.6593,91.0,120.0,7.34,25.47,hrTSS,,
2026-01-26,2026-01-26 17:56:36,21671939656,Gimnasio. Tren superior,1.0376,90.0,137.0,16.73,39.7,hrTSS,,
2026-01-24,2026-01-24 10:50:08,21647758810,Gimnasio. Recuperación y Fuerza Tendinosa II,0.7256,80.0,116.0,3.52,25.16,hrTSS,,
2026-01-19,2026-01-19 18:11:08,21599304109,Gimnasio. Recuperación y Fuerza Tendinosa,0.6027,80.0,119.0,3.53,20.9,hrTSS,,
2026-01-12,2026-01-12 17:36:12,21524426677,Gimnasio. Tren superior,0.9844,77.0,116.0,3.54,33.11,hrTSS,,
2026-01-09,2026-01-09 17:02:52,21493634082,Gimnasio. Tren superior,0.987,77.0,107.0,3.07,33.2,hrTSS,,
2025-12-29,2025-12-29 12:58:37,21382616078,"Autocargas. Estiramientos, movilidad y foam",0.8187,62.0,86.0,2.07,27.54,hrTSS,,
2025-12-12,2025-12-12 14:40:56,21238207326,"Gimnasio. Movilidad, estiramientos y foam",0.8767,64.0,86.0,0.93,29.49,hrTSS,,
2025-12-10,2025-12-10 15:19:25,21221013328,Gimnasio. Fuerza unilateral,0.9723,79.0,136.0,10.47,33.38,hrTSS,,
2025-12-05,2025-12-05 17:05:01,21177595949,Autocargas. Estiramientos y movilidad articular,1.2173,59.0,119.0,2.45,40.95,hrTSS,,
2025-11-28,2025-11-28 16:13:55,21115232186,"Autocargas. Estiramientos, movilidad articular y foam rollerr",1.3801,59.0,88.0,0.61,46.43,hrTSS,,
2025-11-24,2025-11-24 19:44:01,21080540559,Autocargas. Estiramientos y movilidad artícular,0.5339,70.0,117.0,2.98,17.96,hrTSS,,
2025-11-07,2025-11-07 15:27:16,20920082743,"Autocargas. Movilidad, estiramientos y foam",1.0284,60.0,91.0,0.85,34.6,hrTSS,,
2025-11-03,2025-11-03 14:55:05,20879587356,Gimnasio. Pliometria unilateral,1.0073,70.0,109.0,1.91,33.89,hrTSS,,
2025-10-27,2025-10-27 14:57:10,20812087883,Gimnasio. Movilidad y tren superior,0.8949,63.0,101.0,1.23,30.1,hrTSS,,
2025-10-20,2025-10-20 14:59:45,20745525130,Gimnasio. Tren superior y complemento tobillo,1.0077,74.0,126.0,5.97,33.9,hrTSS,,
2025-10-19,2025-10-19 20:16:54,20739899365,Autocargas. Estiramientos y foam,0.9824,55.0,76.0,0.61,33.05,hrTSS,,
2025-10-13,2025-10-13 14:46:02,20676174118,Gimnasio. Cargas y Pliometría,1.1049,75.0,120.0,3.06,37.17,hrTSS,,
2025-10-07,2025-10-07 15:31:37,20616412215,Gimnasio. Core,0.7573,68.0,115.0,4.37,25.47,hrTSS,,
2025-10-06,2025-10-06 14:52:05,20605899805,Gimnasio. Cargas + Pliometria,1.0703,73.0,118.0,3.26,36.0,hrTSS,,
2025-10-02,2025-10-02 15:22:10,20567778426,"Gimnasio. Pliometria, tobillo y cadera",1.0371,65.0,90.0,1.17,34.89,hrTSS,,
2025-09-29,2025-09-29 14:57:36,20536224299,Gimnasio. Pierna,1.0072,75.0,135.0,6.14,33.88,hrTSS,,
2025-09-24,2025-09-24 07:08:15,20483102915,Gimnasio. Paliza pernil,1.0505,79.0,121.0,4.15,36.06,hrTSS,,
2025-09-18,2025-09-18 15:15:05,20425152043,"Gimnasio. Complemento Cadera, tobillo y gemelo",0.8251,64.0,93.0,1.9,27.76,hrTSS,,
2025-09-15,2025-09-15 15:15:56,20393275830,"Gimnasio. Estiramientos, movilidad articular y complemento tobillo",0.9263,68.0,95.0,1.44,31.16,hrTSS,,
2025-09-11,2025-09-11 15:21:04,20353063917,Gimnasio. Pliometría,1.1555,80.0,138.0,11.6,40.07,hrTSS,,
2025-09-08,2025-09-08 14:49:42,20320227907,Gimnasio. Paliza pernil,1.0156,76.0,116.0,2.96,34.17,hrTSS,,
2025-09-04,2025-09-04 07:52:44,20275212850,Gimnasio. Trabajo neuromuscular inferior,1.0052,77.0,119.0,3.28,33.82,hrTSS,,
2025-09-01,2025-09-01 14:42:24,20245478909,Gimnasio. Fuerza Máx / 3x6,1.0951,75.0,115.0,3.38,36.84,hrTSS,,
2025-08-21,2025-08-21 20:41:24,20134685894,Gimnasio. Mantenimiento en el Gimnasio del Hotel Nagari (Vigo - Pontevedra),0.8551,65.0,118.0,1.25,28.77,hrTSS,,
2025-08-18,2025-08-18 15:21:07,20098253289,Autocargas. Circuito Fuerza 3x8,1.1023,74.0,117.0,2.88,37.08,hrTSS,,
2025-08-11,2025-08-11 14:41:32,20023182919,Autocargas. Circuito Fuerza 4x6,1.1191,74.0,117.0,2.84,37.65,hrTSS,,
2025-08-05,2025-08-05 16:27:06,19960020986,Autocargas. Circuito Fuerza 3x6,1.0098,71.0,116.0,3.17,33.97,hrTSS,,
2025-07-28,2025-07-28 18:04:31,19875863129,Gimnasio. Full body,0.9447,72.0,123.0,2.33,31.78,hrTSS,,
2025-07-23,2025-07-23 14:30:00,19823806363,Gimnasio. Full Body,1.0567,74.0,111.0,2.16,35.55,hrTSS,,
2025-07-10,2025-07-10 15:18:04,19690423225,Gimnasio. Tren Superior,1.0123,69.0,97.0,1.61,34.05,hrTSS,,
2025-06-25,2025-06-25 15:02:02,19540996950,Gimnasio. Estiramientos y foam roller,0.5766,71.0,115.0,3.43,19.4,hrTSS,,
2025-06-16,2025-06-16 15:17:35,19450013573,Gimnasio. Específico trail VII,1.0564,74.0,106.0,2.92,35.54,hrTSS,,
2025-06-09,2025-06-09 14:56:04,19379853352,Gimnasio. Específico de Trail V,0.9382,78.0,139.0,7.99,31.89,hrTSS,,
2025-06-06,2025-06-06 14:56:49,19350219200,"Gimnasio. Complemento cadera, tobillo y core",0.7951,72.0,121.0,2.59,26.75,hrTSS,,
2025-06-05,2025-06-05 15:00:42,19340820673,Gimnasio. Especifico Trail V,1.04,79.0,136.0,5.96,35.7,hrTSS,,
2025-06-02,2025-06-02 15:29:02,19310064270,Gimnasio. Específico de Trail IV,1.0641,70.0,113.0,2.21,35.8,hrTSS,,
2025-05-30,2025-05-30 15:02:51,19279850972,Gimnasio. Especifico Trail IV,0.8345,66.0,104.0,1.25,28.07,hrTSS,,
2025-05-26,2025-05-26 15:02:16,19239994892,Gimnasio. Fuerza específica Trail III,1.2038,82.0,125.0,6.08,42.59,hrTSS,,
2025-05-24,2025-05-24 15:23:35,19221600551,"Autocargas. Propiocepcion, estiramientos y movilidad articular",1.018,62.0,96.0,0.96,34.25,hrTSS,,
2025-05-19,2025-05-19 15:03:10,19171709115,Gimnasio. Fuerza Específica de Trail III,1.1288,73.0,121.0,5.4,37.97,hrTSS,,
2025-05-12,2025-05-12 17:58:24,19103405524,Gimnasio. Fuerza Específica de Trail II,1.4599,88.0,120.0,6.02,54.79,hrTSS,,
2025-05-07,2025-05-07 15:22:19,19052223942,Gimnasio. Fuerza específica de Trail I,1.0477,72.0,117.0,2.98,35.25,hrTSS,,
2025-04-21,2025-04-21 15:10:36,18892580532,Gimnasio. Full body,1.0095,75.0,118.0,3.39,33.96,hrTSS,,
2025-04-18,2025-04-18 20:05:35,18866638679,Autocargas. Estiramientos y movilidad articular,0.728,59.0,93.0,0.58,24.49,hrTSS,,
2025-04-14,2025-04-14 15:04:12,18825465151,"Gimnasio. Movilidad, Core y tren superior",1.0299,68.0,108.0,1.95,34.64,hrTSS,,
2025-04-07,2025-04-07 15:21:09,18757683182,Gimnasio. Movilidad articular general,0.7136,70.0,112.0,1.84,24.01,hrTSS,,
2025-04-04,2025-04-04 14:44:52,18728705553,Gimnasio. Complemento,0.7168,73.0,100.0,1.58,24.11,hrTSS,,
2025-03-31,2025-03-31 15:04:42,18689487881,"Gimnasio. Complemento tobillo, cadera y core",0.913,66.0,92.0,1.62,30.71,hrTSS,,
2025-03-24,2025-03-24 14:56:23,18623529575,Gimnasio. Pierna,1.053,76.0,114.0,2.91,35.42,hrTSS,,
2025-03-11,2025-03-11 19:31:24,18505501084,"Autocargas. Complemento gluteo, tobillo y tibial",0.515,64.0,96.0,0.82,17.33,hrTSS,,
2025-03-03,2025-03-03 15:11:32,18427520702,Fuerza	Gimnasio. Complemento glúteo y tobillos,1.043,77.0,117.0,3.1,35.08,hrTSS,,
2025-02-24,2025-02-24 14:49:27,18363941343,Gimnasio. Fuerza Max 3,1.0006,75.0,111.0,2.19,33.66,hrTSS,,
2025-02-17,2025-02-17 18:17:54,18303155705,"Gimnasio. Complemento tobillo, glúteo y cadera",0.7711,69.0,100.0,1.71,25.94,hrTSS,,
2025-02-10,2025-02-10 15:41:51,18240849959,Gimnasio. Fuerza Max 1,1.1878,80.0,122.0,4.86,41.19,hrTSS,,
2025-02-03,2025-02-03 15:01:24,18177640609,Gimnasio. Test XRM Ejercicios Básicos,1.05,74.0,128.0,4.29,35.32,hrTSS,,
2025-01-27,2025-01-27 15:34:16,18115492375,Gimnasio. Circuito FR x3,1.031,87.0,120.0,8.11,38.32,hrTSS,,
2025-01-20,2025-01-20 14:54:35,18054133634,Gimnasio. Circuito FG x3,1.0146,87.0,126.0,7.65,37.71,hrTSS,,
2025-01-13,2025-01-13 15:47:56,17992108925,Gimnasio. Circuito Fuerza x3,1.0042,84.0,124.0,5.92,36.24,hrTSS,,
2025-01-07,2025-01-07 16:29:22,17940657788,Autocargas. Escaleras y muda,0.9776,78.0,118.0,6.15,33.22,hrTSS,,
2024-12-23,2024-12-23 18:49:53,17823257452,Autocargas. Fuerza Max 1,1.303,85.0,125.0,4.32,47.49,hrTSS,,
2024-12-18,2024-12-18 14:06:11,17787508363,Gimnasio. Fuerza Max1,1.2785,85.0,124.0,5.87,46.59,hrTSS,,
2024-12-13,2024-12-13 16:16:04,17752228470,Autocargas - Complemento tobillo y cadera,0.6269,71.0,90.0,1.24,21.09,hrTSS,,
2024-12-09,2024-12-09 15:23:02,17722667007,Gimnasio. Fuerza Max 1,1.1133,80.0,115.0,3.34,38.61,hrTSS,,
2024-12-02,2024-12-02 20:24:14,17674017457,Gimnasio. FG 1B 2.0,1.0124,80.0,123.0,4.67,35.11,hrTSS,,
