generated_at,formula_version,fecha,activity_id,modalidad,actividad,tp_local,tp_unit,calc_tss,calc_method,delta,ratio,match_reason,source_dataset,include_in_aggregates,include_reason,calc_error
2026-09-16 21:45:30,26,2026-09-11,24322094785,trail_running,Trail.Barranca-Bola-Cotos-Cabezas-Bola-Pto Navacerrada-Emburria-Barranca,261.7,hrTSS,261.687325,hrTSS,-0.012675,0.999952,exact_modality,tp_memory_jul_sep,True,exact_modality,
2026-09-16 21:45:30,26,2026-09-10,24312789916,running,Rodaje. Tapia CDC en Z2 y subidas en Z3,102.0,rTSS,98.108239,TSS,-3.891761,0.961845,exact_modality,tp_memory_jul_sep,True,exact_modality,
2026-09-16 21:45:30,26,2026-09-09,24301805124,treadmill_running,Eliptica. 30' Z1 Transferencia Fuerza,20.0,rTSS,23.222756,hrTSS,3.222756,1.161138,exact_modality,tp_memory_jul_sep,True,exact_modality,
2026-09-16 21:45:30,26,2026-09-09,24301501111,strength_training,Gimnasio. Trail - Estabilidad y core,25.0,TSS,23.972978,TSS,-1.027022,0.958919,exact_modality,tp_memory_jul_sep,True,exact_modality,
2026-09-16 21:45:30,26,2026-09-08,24289871567,running,Rodaje. 50min Z2 nocturnos,50.0,rTSS,50.874908,TSS,0.874908,1.017498,exact_modality,tp_memory_jul_sep,True,exact_modality,
2026-09-16 21:45:30,26,2026-09-08,24279679308,strength_training,Gimnasio. Trabajo neuromuscular con alta carga,43.0,TSS,42.974838,TSS,-0.025162,0.999415,exact_modality,tp_memory_jul_sep,True,exact_modality,
2026-09-16 21:45:30,26,2026-09-04,24234082111,trail_running,Trail.Barranca-Bola-Cotos-Bola-Pto Navacerrada-Emburriaderos-Ortiz-Barranca,228.0,hrTSS,235.827891,hrTSS,7.827891,1.034333,exact_modality,tp_memory_jul_sep,True,exact_modality,
2026-09-16 21:45:30,26,2026-09-03,24227364808,running,Fartlek. Cal + 40' Z3 + VC,91.0,rTSS,80.610859,TSS,-10.389141,0.885834,exact_modality,tp_memory_jul_sep,True,exact_modality,
2026-09-16 21:45:30,26,2026-09-02,24213935868,strength_training,Gimnasio. Core y tren superior,34.0,TSS,33.642311,TSS,-0.357689,0.98948,exact_modality,tp_memory_jul_sep,True,exact_modality,
2026-09-16 21:45:30,26,2026-09-01,24201327869,running,Rodaje. Tapia CDC Z2,103.0,rTSS,96.972959,TSS,-6.027041,0.941485,exact_modality,tp_memory_jul_sep,True,exact_modality,
2026-09-16 21:45:30,26,2026-08-31,24185208392,strength_training,Gimnasio. Trabajo neuromuscular con alta carga,36.0,TSS,37.047625,TSS,1.047625,1.029101,exact_modality,tp_memory_jul_sep,True,exact_modality,
2026-09-16 21:45:30,26,2026-08-30,24172582627,trail_running,Trail. Puerto de Navacerrada - Bola - Cotos  - Peñalara i/v,223.0,hrTSS,210.02072,hrTSS,-12.97928,0.941797,exact_modality,tp_memory_jul_sep,True,exact_modality,
2026-09-16 21:45:30,26,2026-08-28,24152640491,trail_running,Trail. Navacerrada - Maliciosa - Bola - Puerto de Navacerrada  (Nocturna,137.0,hrTSS,108.065358,hrTSS,-28.934642,0.788798,exact_modality,tp_memory_jul_sep,True,exact_modality,
2026-09-16 21:45:30,26,2026-08-27,24141099893,running,Series. 4x1000. Empezamos temporada,94.0,rTSS,115.788391,TSS,21.788391,1.231791,exact_modality,tp_memory_jul_sep,True,exact_modality,
2026-09-16 21:45:30,26,2026-08-27,24138532236,strength_training,"Gimnasio. Tobillos, cadera y core",33.0,TSS,33.955911,TSS,0.955911,1.028967,exact_modality,tp_memory_jul_sep,True,exact_modality,
2026-09-16 21:45:30,26,2026-08-25,24107904670,trail_running,Trail. Puerto de La Morcuera - Hoya de San Blas i/v,137.0,hrTSS,140.115601,hrTSS,3.115601,1.022742,exact_modality,tp_memory_jul_sep,True,exact_modality,
2026-09-16 21:45:30,26,2026-08-24,24100578449,strength_training,Gimnasio. Trabajo Neuromuscular Trail Sesión 1,47.0,TSS,48.6628,TSS,1.6628,1.035379,exact_modality,tp_memory_jul_sep,True,exact_modality,
2026-09-16 21:45:30,26,2026-08-23,24090094777,running,Rodaje. 10k de Vuelta de vacaciones,61.0,rTSS,52.909898,TSS,-8.090102,0.867375,exact_modality,tp_memory_jul_sep,True,exact_modality,
2026-09-16 21:45:30,26,2026-08-21,24059814335,running,Rodaje. 21k Pesadoira,135.0,rTSS,127.078741,TSS,-7.921259,0.941324,exact_modality,tp_memory_jul_sep,True,exact_modality,
2026-09-16 21:45:30,26,2026-08-19,24032702641,strength_training,Gimnasio. Complemento tobillo y core,31.0,TSS,34.487289,TSS,3.487289,1.112493,exact_modality,tp_memory_jul_sep,True,exact_modality,
2026-09-16 21:45:30,26,2026-08-18,24027714450,running,Fartlek. 8k +2k sostenido,66.0,rTSS,70.148963,TSS,4.148963,1.062863,exact_modality,tp_memory_jul_sep,True,exact_modality,
2026-09-16 21:45:30,26,2026-08-17,24013969366,hiking,Senderismo. Ruta A Moa 1/2 con Héctor (O Fieiro - A Coruña),61.0,hrTSS,113.044425,TSS,52.044425,1.853187,exact_modality,tp_memory_jul_sep,True,exact_modality,
2026-09-16 21:45:30,26,2026-08-16,24003202488,trail_running,Trail. Pesadoira - Parque Eólico de Orzán (Larga),112.0,hrTSS,84.593175,hrTSS,-27.406825,0.755296,exact_modality,tp_memory_jul_sep,True,exact_modality,
2026-09-16 21:45:30,26,2026-08-15,23987906198,running,Rodaje. 15k Z1-Z2 Pesadoira,93.0,rTSS,88.281899,TSS,-4.718101,0.949268,exact_modality,tp_memory_jul_sep,True,exact_modality,
2026-09-16 21:45:30,26,2026-08-14,23978414652,strength_training,Fuerza,28.0,TSS,28.868622,TSS,0.868622,1.031022,exact_modality,tp_memory_jul_sep,True,exact_modality,
2026-09-16 21:45:30,26,2026-08-13,23966766696,running,"Fartlek. 8x45"" cuestas",66.0,rTSS,74.766369,TSS,8.766369,1.132824,exact_modality,tp_memory_jul_sep,True,exact_modality,
2026-09-16 21:45:30,26,2026-08-11,23941202646,running,Rodaje. 8km con Héctor en bici,47.0,rTSS,45.251063,TSS,-1.748937,0.962789,exact_modality,tp_memory_jul_sep,True,exact_modality,
2026-09-16 21:45:30,26,2026-08-09,23915033216,trail_running,Trail. Monte O Pindo - Presa y Cascada Ézaro (Pindo-A Coruña),103.7,hrTSS,103.682923,hrTSS,-0.017077,0.999835,exact_modality,tp_memory_jul_sep,True,exact_modality,
2026-09-16 21:45:30,26,2026-08-08,23903772587,running,Rodaje. 55' Z1-Z2 Cto 10k Pesadoira,64.0,rTSS,59.856407,TSS,-4.143593,0.935256,exact_modality,tp_memory_jul_sep,True,exact_modality,
2026-09-16 21:45:30,26,2026-08-06,23879627570,running,"Fartlek. 6x45"" cuestas + 6x45"" llano",76.0,rTSS,80.900091,TSS,4.900091,1.064475,exact_modality,tp_memory_jul_sep,True,exact_modality,
2026-09-16 21:45:30,26,2026-08-04,23852863121,trail_running,Trail. Monte Padriñan/Sanxenxo (Sanxenxo - Pontevedra),91.4,hrTSS,91.448058,hrTSS,0.048058,1.000526,exact_modality,tp_memory_jul_sep,True,exact_modality,
2026-09-16 21:45:30,26,2026-08-01,23816417942,running,Rodaje. Paseo Marítimo San Xenxo y Portonovo (SanXenXo - Pontevedra),77.0,rTSS,79.702548,TSS,2.702548,1.035098,exact_modality,tp_memory_jul_sep,True,exact_modality,
2026-09-16 21:45:30,26,2026-07-31,23802741099,running,Rodaje. 17k Pesadoira,108.0,rTSS,104.843064,TSS,-3.156936,0.970769,exact_modality,tp_memory_jul_sep,True,exact_modality,
2026-09-16 21:45:30,26,2026-07-27,23756058994,running,Rodaje. 45' Z1 Por Parque Emperatriz de Austria,50.0,rTSS,45.070774,TSS,-4.929226,0.901415,exact_modality,tp_memory_jul_sep,True,exact_modality,
2026-09-16 21:45:30,26,2026-07-26,23736736755,trail_running,Trail.Miraflores-Senda Paco-Pico de la Pala-Pico de la Perdiguera- Morcuera,128.2,hrTSS,128.190029,hrTSS,-0.009971,0.999922,exact_modality,tp_memory_jul_sep,True,exact_modality,
2026-09-16 21:45:30,26,2026-07-23,23707417406,trail_running,Trail. Barranca - Bola - Mirador de las Canchas - Senda Ortiz - Barranca,132.7,hrTSS,132.699585,hrTSS,-0.000415,0.999997,exact_modality,tp_memory_jul_sep,True,exact_modality,
2026-09-16 21:45:30,26,2026-07-19,23650370517,running,Rodaje. 16km Pesadoira,100.0,rTSS,93.643071,TSS,-6.356929,0.936431,exact_modality,tp_memory_jul_sep,True,exact_modality,
2026-09-16 21:45:30,26,2026-07-17,23632323070,running,Rodaje. 75' Z1 Pesadoira,82.0,rTSS,79.184812,TSS,-2.815188,0.965668,exact_modality,tp_memory_jul_sep,True,exact_modality,
2026-09-16 21:45:30,26,2026-07-15,23603234401,running,Rodaje.10k Z1 en Pradolongo,60.0,rTSS,52.987241,TSS,-7.012759,0.883121,exact_modality,tp_memory_jul_sep,True,exact_modality,
2026-09-16 21:45:30,26,2026-07-11,23555669922,running,Rodaje. 90' Z2 Polvoranca,98.0,rTSS,88.501002,TSS,-9.498998,0.903071,exact_modality,tp_memory_jul_sep,True,exact_modality,
2026-09-16 21:45:30,26,2026-07-10,23543457135,running,Rodaje. 40' suaves por Pradalongo,46.0,rTSS,41.347238,TSS,-4.652762,0.898853,exact_modality,tp_memory_jul_sep,True,exact_modality,
2026-09-16 21:45:30,26,2026-07-02,23455001968,trail_running,Ultra Trail. Hoka Val d'Aran Pyrenees by UTMB PDA 2026,493.7,hrTSS,493.710332,hrTSS,0.010332,1.000021,single_candidate_fallback,tp_memory_jul_sep,True,manual_verified_fallback,
2026-09-16 21:45:30,26,2026-06-30,23425766889,running,Activación KbA con 6 x 100 prog - Road to PDA 2026,44.0,rTSS,38.73148,TSS,-5.26852,0.880261,exact_modality,june_clean,True,exact_modality,
2026-09-16 21:45:30,26,2026-06-29,23420585341,indoor_running,Elíptica. 20' Z1,13.0,hrTSS,15.439022,hrTSS,2.439022,1.187617,exact_modality,june_clean,True,exact_modality,
2026-09-16 21:45:30,26,2026-06-29,23421099617,strength_training,"Gimnasio. Movilidad articular, complemento y foam",18.0,hrTSS,18.4541,TSS,0.4541,1.025228,exact_modality,june_clean,True,exact_modality,
2026-09-16 21:45:30,26,2026-06-27,23393353806,running,Rodaje. 60' de charla por Bosque Sur,67.0,rTSS,62.009584,TSS,-4.990416,0.925516,exact_modality,june_clean,True,exact_modality,
2026-09-16 21:45:30,26,2026-06-26,23385726742,indoor_running,Elíptica. 20' Z1,13.0,hrTSS,15.477556,hrTSS,2.477556,1.190581,exact_modality,june_clean,True,exact_modality,
2026-09-16 21:45:30,26,2026-06-26,23386161527,strength_training,"Gimnasio. Movilidad articular, complemento y foam",22.0,hrTSS,21.682297,TSS,-0.317703,0.985559,exact_modality,june_clean,True,exact_modality,
2026-09-16 21:45:30,26,2026-06-25,23372667027,hiking,Caminata. Palos y mochila cargada con 300⬆️,67.0,hrTSS,91.396131,TSS,24.396131,1.364121,exact_modality,june_clean,True,exact_modality,
2026-09-16 21:45:30,26,2026-06-24,23360742838,running,Rodaje. 40' Z2 por Pradolongo,51.0,rTSS,44.953201,TSS,-6.046799,0.881435,exact_modality,june_clean,True,exact_modality,
2026-09-16 21:45:30,26,2026-06-22,23335868602,strength_training,Gimnasio. Trabajo Activación y mantenimiento muscular Trail W-1,34.0,hrTSS,32.57852,TSS,-1.42148,0.958192,exact_modality,june_clean,True,exact_modality,
2026-09-16 21:45:30,26,2026-06-22,23336149828,cycling,Bicimad. De casa a Naked,15.0,hrTSS,14.55,hrTSS,-0.45,0.97,exact_modality,june_clean,True,exact_modality,
2026-09-16 21:45:30,26,2026-06-21,23326647423,trail_running,Trail. Barranca-Piornal- Maliciosa-Bola-Mirador de las Canchas-Barranca,139.0,hrTSS,141.18529,hrTSS,2.18529,1.015722,exact_modality,june_clean,True,exact_modality,
2026-09-16 21:45:30,26,2026-06-19,23302244987,running,Rodaje. Acumulativo por el Parque Lineal,105.0,rTSS,95.64946,TSS,-9.35054,0.910947,exact_modality,june_clean,True,exact_modality,
2026-09-16 21:45:30,26,2026-06-19,23306084242,cycling,Bicimad. De ECI a casa,13.0,hrTSS,12.02,hrTSS,-0.98,0.924615,exact_modality,june_clean,True,exact_modality,
2026-09-16 21:45:30,26,2026-06-19,23307819037,strength_training,"Gimnasio. Movilidad articular, complemento y foam",32.0,hrTSS,32.688668,TSS,0.688668,1.021521,exact_modality,june_clean,True,exact_modality,
2026-09-16 21:45:30,26,2026-06-18,23291071148,running,Rodaje. 40' + Sprines,68.0,rTSS,60.390306,TSS,-7.609694,0.888093,exact_modality,june_clean,True,exact_modality,
2026-09-16 21:45:30,26,2026-06-17,23278321499,strength_training,Gimnasio. Trabajo Neuromuscular Trail W-2,46.0,hrTSS,46.144825,TSS,0.144825,1.003148,exact_modality,june_clean,True,exact_modality,
2026-09-16 21:45:30,26,2026-06-16,23265726333,running,Rodaje. 60' suaves,71.0,rTSS,62.355711,TSS,-8.644289,0.878249,exact_modality,june_clean,True,exact_modality,
2026-09-16 21:45:30,26,2026-06-15,23258883121,cycling,Bicimad. De ECI a casa,13.0,hrTSS,12.52,hrTSS,-0.48,0.963077,exact_modality,june_clean,True,exact_modality,
2026-09-16 21:45:30,26,2026-06-14,23245351920,trail_running,Trail.Escorial-Arboreto-Malagón-Naranjera-Valle de los caídos Abantos-Escor,178.0,hrTSS,168.302578,hrTSS,-9.697422,0.94552,exact_modality,june_clean,True,exact_modality,
2026-09-16 21:45:30,26,2026-06-13,23229837680,running,Rodaje. Acumulativo por el Parque Lineal,96.0,rTSS,86.035788,TSS,-9.964212,0.896206,exact_modality,june_clean,True,exact_modality,
2026-09-16 21:45:30,26,2026-06-12,23222824638,cycling,Bicimad. De ECI a casa,13.0,hrTSS,12.93,hrTSS,-0.07,0.994615,exact_modality,june_clean,True,exact_modality,
2026-09-16 21:45:30,26,2026-06-12,23223630528,strength_training,"Gimnasio. Movilidad articular, complemento y foam",31.0,hrTSS,31.324522,TSS,0.324522,1.010468,exact_modality,june_clean,True,exact_modality,
2026-09-16 21:45:30,26,2026-06-11,23213047108,trail_running,Trail. Barranca- Bola - Cabezas - Bola - Tuberías- Senda de la Barranca,204.0,hrTSS,213.672441,hrTSS,9.672441,1.047414,exact_modality,june_clean,True,exact_modality,
2026-09-16 21:45:30,26,2026-06-10,23195949762,strength_training,Gimnasio. Trabajo Neuromuscular Trail W-3 S2,44.0,hrTSS,43.26585,TSS,-0.73415,0.983315,exact_modality,june_clean,True,exact_modality,
2026-09-16 21:45:30,26,2026-06-09,23183978494,running,Rodaje. 60' Z1 Recuperación Pradolongo + Lineal,65.0,rTSS,59.889697,TSS,-5.110303,0.92138,exact_modality,june_clean,True,exact_modality,
2026-09-16 21:45:30,26,2026-06-08,23178623089,strength_training,Gimnasio. Trabajo Neuromuscular Trail W-3 S1,48.0,hrTSS,50.151925,TSS,2.151925,1.044832,exact_modality,june_clean,True,exact_modality,
2026-09-16 21:45:30,26,2026-06-07,23161984383,trail_running,Trail. El Escorial-ArboretoLuis Ceballos-Alto del Malagón-Naranjera-Abantos,141.0,hrTSS,152.381231,hrTSS,11.381231,1.080718,exact_modality,june_clean,True,exact_modality,
2026-09-16 21:45:30,26,2026-06-05,23139111363,trail_running,Trail. Barranca - Maliciosa - Bola - Cotos - Bola - Tuberías - Senda Ortiz,203.0,hrTSS,203.980527,hrTSS,0.980527,1.00483,exact_modality,june_clean,True,exact_modality,
2026-09-16 21:45:30,26,2026-06-04,23124893489,running,Rodaje. Tapia CDC en Z2 desde Centro Cultural Sara Montiel,106.0,rTSS,104.074374,TSS,-1.925626,0.981834,exact_modality,june_clean,True,exact_modality,
2026-09-16 21:45:30,26,2026-06-03,23112485560,strength_training,Gimnasio. Trabajo Neuromuscular Trail W-4 S2,41.0,hrTSS,41.487925,TSS,0.487925,1.011901,exact_modality,june_clean,True,exact_modality,
2026-09-16 21:45:30,26,2026-06-02,23099530187,running,Rodaje. 50' Z1 por Pradolongo,56.0,rTSS,48.955433,TSS,-7.044567,0.874204,exact_modality,june_clean,True,exact_modality,
2026-09-16 21:45:30,26,2026-06-01,23093957193,strength_training,Gimnasio. Trabajo Neuromuscular Trail W-4 S1,41.0,hrTSS,42.5258,TSS,1.5258,1.037215,exact_modality,june_clean,True,exact_modality,
