generated_at,formula_version,activity_id,fecha,actividad,tp_local,tss_prod_corregido,ratio_tss_tp,tss_recomputed_live,recompute_delta_vs_source,ratio_recomputed_vs_tp,delta_recomputed_vs_tp,duration_hours_resolved,hr_coverage_ratio,grade_source,grade_p50,grade_steep_up_share,metodo_publico,metodo_calculo,is_fast_trail,lthr_available,lthr_bpm_used,lthr_profile_resolved
2026-09-13 20:45:56,24,24322094785,2026-09-11 10:04:00,Trail.Barranca-Bola-Cotos-Cabezas-Bola-Pto Navacerrada-Emburria-Barranca,261.7,306.2,1.17,261.7,-44.5,1.0,-0.0,5.851,0.948,derived,7.01,0.415,hrTSS,non_fast:lthr_details,False,True,169.0,169.0
2026-09-13 20:45:56,24,24234082111,2026-09-04 09:20:01,Trail.Barranca-Bola-Cotos-Bola-Pto Navacerrada-Emburriaderos-Ortiz-Barranca,228.0,294.1,1.29,235.8,-58.3,1.034,7.8,4.327,0.967,derived,6.54,0.375,hrTSS,non_fast:lthr_details,False,True,169.0,169.0
2026-09-13 20:45:56,24,24172582627,2026-08-30 09:13:04,Trail. Puerto de Navacerrada - Bola - Cotos  - Peñalara i/v,223.0,232.1,1.041,210.0,-22.1,0.942,-13.0,5.904,0.854,derived,5.88,0.39,hrTSS,non_fast:lthr_details,False,True,169.0,169.0
2026-09-13 20:45:56,24,24152640491,2026-08-28 19:56:43,Trail. Navacerrada - Maliciosa - Bola - Puerto de Navacerrada  (Nocturna,137.0,141.7,1.034,108.1,-33.6,0.789,-28.9,2.507,1.0,derived,9.7,0.488,hrTSS,non_fast:lthr_details,False,True,169.0,169.0
2026-09-13 20:45:56,24,24107904670,2026-08-25 09:29:39,Trail. Puerto de La Morcuera - Hoya de San Blas i/v,137.0,201.8,1.473,140.1,-61.7,1.023,3.1,3.024,0.989,derived,1.99,0.238,hrTSS,non_fast:lthr_details,False,True,169.0,169.0
2026-09-13 20:45:56,24,24003202488,2026-08-16 20:08:12,Trail. Pesadoira - Parque Eólico de Orzán (Larga),112.0,100.1,0.894,84.6,-15.5,0.755,-27.4,1.67,0.976,derived,0.0,0.176,hrTSS,non_fast:lthr_details,False,True,169.0,169.0
2026-09-13 20:45:56,24,23915033216,2026-08-09 17:45:43,Trail. Monte O Pindo - Presa y Cascada Ézaro (Pindo-A Coruña),103.7,130.2,1.256,103.7,-26.5,1.0,-0.0,2.271,0.947,derived,2.53,0.384,hrTSS,non_fast:lthr_details,False,True,169.0,169.0
2026-09-13 20:45:56,24,23852863121,2026-08-04 18:25:40,Trail. Monte Padriñan/Sanxenxo (Sanxenxo - Pontevedra),91.4,131.5,1.439,91.4,-40.1,1.001,0.0,1.982,0.956,derived,3.0,0.321,hrTSS,non_fast:lthr_details,False,True,169.0,169.0
2026-09-13 20:45:56,24,23736736755,2026-07-26 08:56:27,Trail.Miraflores-Senda Paco-Pico de la Pala-Pico de la Perdiguera- Morcuera,128.2,159.0,1.24,128.2,-30.8,1.0,-0.0,3.229,0.94,derived,1.33,0.356,hrTSS,non_fast:lthr_details,False,True,169.0,169.0
2026-09-13 20:45:56,24,23707417406,2026-07-23 17:59:55,Trail. Barranca - Bola - Mirador de las Canchas - Senda Ortiz - Barranca,132.7,151.8,1.144,132.7,-19.1,1.0,-0.0,3.28,0.839,derived,4.83,0.36,hrTSS,non_fast:lthr_details,False,True,169.0,169.0
2026-09-13 20:45:56,24,23455001968,2026-07-02 07:30:15,Ultra Trail. Hoka Val d'Aran Pyrenees by UTMB PDA 2026,493.7,547.0,1.108,493.7,-53.3,1.0,0.0,10.17,0.979,derived,2.27,0.369,hrTSS,non_fast:lthr_details,False,True,169.0,169.0
